name,last_name,area,salary,age,type
Corbie,Bittlestone,Sales,122484,34,Remote
Terrell,Suff,"Product Management",114648,29,Remote
Sandro,Admans,"Product Management",174195,44,Remote
Eugene,Lehrahan,Engineering,66031,35,Remote
Dyann,Isoldi,Engineering,135543,43,Remote
Grantley,Oret,Services,166001,48,Remote
Elmore,Worner,Engineering,117567,57,Remote
Aguie,Conford,"Business Development",174698,52,Remote
Katerina,Rosborough,Engineering,124803,56,Remote
Laraine,Petre,Engineering,140626,56,Remote
Gareth,MacCook,Legal,107742,36,Remote
Scottie,Chestney,Engineering,90315,51,Remote
Christophorus,Boseley,Marketing,124809,40,Remote
Arleyne,Froome,Engineering,137597,24,Remote
Todd,Cashen,Accounting,115695,24,Remote
Elmo,McNee,Services,78418,34,Remote
Penelope,Wenman,"Business Development",154937,28,Remote
Lola,Burrells,"Human Resources",132408,50,Remote
Shalne,Berntssen,"Business Development",132654,44,Remote
Nefen,Russan,Training,120834,26,Remote
Woodie,Hayhow,Engineering,170827,28,Remote
Claude,Ales0,Sales,126534,39,Remote
Starr,Yitzhok,Training,99040,25,Remote
Perla,Durrand,Sales,178809,47,Remote
Nobe,Leathe,Engineering,174045,30,Remote
Peta,Gosson,"Human Resources",146252,48,Remote
Ninnette,Batter,"Business Development",152349,30,Remote
Bibbie,Matteoli,Support,74632,26,Remote
Averell,Paintain,"Research and Development",118943,52,Remote
Marcel,Fowkes,Accounting,123127,30,Remote
Artus,Cawcutt,Services,110278,53,Remote
Edeline,Painten,Services,172415,45,Remote
Meggi,"Mc Ilory",Training,152355,36,Remote
Gale,Dreossi,Auditing,74124,51,Remote
Chrysa,Brownell,Engineering,150586,40,Remote
Bil,Wanden,Engineering,101508,41,Remote
Ronda,Dictus,Training,139256,48,Remote
Teena,Tolan,"Human Resources",88845,31,Remote
Karine,Seage,Training,112030,57,Remote
Diandra,Bourget,"Human Resources",133999,52,Remote
Guntar,Arro,"Business Development",147374,26,Remote
Isador,Crady,Training,171873,55,Remote
Nichol,Dionisii,"Business Development",153741,29,Remote
Dorey,Diperaus,Sales,80905,44,Remote
Carlynne,Gouldthorpe,Accounting,93766,55,Remote
Tildie,Ranvoise,Engineering,92899,41,Remote
Tallulah,Dowty,Engineering,75079,40,Remote
Eleanore,Pudner,Engineering,114513,26,Remote
Amara,Jacobs,Sales,86754,41,Remote
Heall,Conville,Training,93624,29,Remote
Allyce,Giacobazzi,Marketing,100936,54,Remote
Romy,Sandever,"Research and Development",159712,54,Remote
Agretha,Brunning,Engineering,105639,45,Remote
Paddie,Mallebone,"Human Resources",165021,56,Remote
Bartholemy,Schutter,Services,109279,48,Remote
Gamaliel,McRoberts,Accounting,169540,45,Remote
Demetre,Chaulk,Sales,178594,46,Remote
Carlen,Bruhnke,Engineering,119193,33,Remote
Nathaniel,Coolahan,Accounting,84675,25,Remote
Sile,Schultheiss,Accounting,103290,37,Remote
Antonietta,Obal,Engineering,173686,46,Remote
Dannie,Thornton-Dewhirst,Accounting,151416,23,Remote
Nessy,Shute,Engineering,100069,41,Remote
Louise,Domingues,"Research and Development",102872,46,Remote
Frasquito,Frape,Engineering,125066,51,Remote
Leonie,Bridgeman,Training,92378,26,Remote
Marijn,Shotboulte,Accounting,84983,39,Remote
Gertrud,Jeavon,"Research and Development",141441,36,Remote
Joanne,Jacob,Engineering,106650,49,Remote
Yves,Yurivtsev,"Human Resources",179943,33,Remote
Curtice,Kidgell,Engineering,67616,43,Remote
Ruby,O'Duilleain,"Business Development",139305,37,Remote
Joseito,Walaron,Services,182319,48,Remote
Helli,Hothersall,Engineering,87548,33,Remote
Aura,Steagall,Accounting,164594,45,Remote
Carly,Everall,Support,141114,56,Remote
Adina,Marcq,Engineering,128676,32,Remote
Pall,Snedker,Support,115852,54,Remote
Eilis,Byford,Engineering,86523,57,Remote
Maridel,Canario,Engineering,149261,33,Remote
Mellie,Hariot,Engineering,72130,40,Remote
Bertie,"La Batie",Services,118723,31,Remote
Theodor,Perot,Engineering,141898,34,Remote
Marietta,Marieton,"Human Resources",124199,28,Remote
Monte,"How to preserve",Engineering,87788,51,Remote
Emanuele,Scotts,Engineering,157506,37,Remote
Kiley,Ricci,Training,149623,51,Remote
Pavel,Corsor,Services,154864,47,Remote
Nikaniki,Nurdin,Accounting,68439,28,Remote
Siward,Phelipeaux,"Business Development",115788,42,Remote
Kaylee,Lambdin,Engineering,174420,58,Remote
Chrisy,Risen,Engineering,175768,38,Remote
Tab,Lissemore,"Business Development",157628,23,Remote
Rem,Hassey,Accounting,134748,28,Remote
Brianna,Dudin,Engineering,121704,35,Remote
Raphaela,Clowney,Engineering,141259,52,Remote
Terence,MacConnechie,Engineering,177085,58,Remote
Tomkin,"Di Ruggiero",Sales,109998,30,Remote
Loydie,Platts,"Human Resources",103622,53,Remote
Darius,Birchenough,"Research and Development",109535,55,Remote
Glenna,Owbrick,Accounting,150508,30,Remote
Modesty,O'Spellissey,Services,129938,41,Remote
Lorain,Kibbe,Accounting,112499,40,Remote
Gabie,Lawleff,Training,132408,55,Remote
Timothea,Summergill,Training,93956,39,Remote
Irvine,Shillinglaw,Engineering,172924,26,Remote
Garrard,Oakenfull,Sales,141948,27,Remote
Rosie,Denyakin,Engineering,154987,43,Remote
Chrysler,Brekonridge,Engineering,99239,43,Remote
Roselin,Warke,Services,105489,32,Remote
Alphonse,Horsewood,Engineering,123684,26,Remote
Sharline,Andrzej,Accounting,158433,49,Remote
Curr,"De Biasi","Business Development",101604,23,Remote
Audra,Burdus,Services,101710,45,Remote
Lorianna,Hayley,Engineering,146324,30,Remote
Carina,Finan,Engineering,183905,26,Remote
Nana,Grimme,"Product Management",151834,50,Remote
Zora,Peller,Accounting,118772,43,Remote
Kerianne,Bault,"Business Development",144361,31,Remote
Adam,Tremoille,"Human Resources",141864,32,Remote
Shae,Avramow,"Human Resources",156913,56,Remote
Jock,Aarons,Engineering,173688,34,Remote
Dion,Sundin,"Human Resources",142629,52,Remote
Tierney,Oldknow,Support,168965,54,Remote
Josephine,Marriot,Engineering,147302,21,Remote
Wainwright,Osban,Sales,102713,36,Remote
Jaynell,Hunnybun,"Product Management",171244,52,Remote
Moina,Gabby,Support,119318,30,Remote
Yorgo,Pywell,Accounting,156459,42,Remote
Louise,Spottiswoode,Sales,146168,30,Remote
Gene,Renals,Legal,141951,55,Remote
Richmound,Aust,Support,122377,30,Remote
Sayer,Balcock,Sales,69554,31,Remote
Philis,Bayne,"Human Resources",84712,37,Remote
Maribelle,Shankster,"Human Resources",138654,27,Remote
Loreen,Bewicke,Engineering,108910,42,Remote
Tannie,Dillamore,Sales,163542,23,Remote
Leyla,Stiell,Training,179568,28,Remote
Brier,Mansel,"Business Development",94099,32,Remote
Clementine,Chatain,"Research and Development",114016,53,Remote
Xenos,Vallerine,Training,156861,51,Remote
Montague,Snooks,Services,96615,22,Remote
Janie,Schiefersten,"Human Resources",180553,31,Remote
Piper,Murcutt,Services,81291,26,Remote
Noemi,Veljes,Sales,97116,52,Remote
Ginnifer,Worssam,Engineering,68321,33,Remote
Bee,Daymond,Accounting,114767,29,Remote
Aila,Seares,"Human Resources",113025,49,Remote
Rubi,Simmins,Services,136654,49,Remote
Hube,Simmig,"Product Management",150927,42,Remote
Nixie,Very,Training,137289,53,Remote
Augustina,Bradnam,Legal,163331,39,Remote
Avigdor,Date,"Human Resources",120702,24,Remote
Samaria,Chalcot,"Human Resources",138784,54,Remote
Imojean,Cleaton,"Business Development",178445,53,Remote
Manny,Cleft,Engineering,106997,58,Remote
Franzen,Londors,Sales,126494,56,Remote
Quinlan,Rayson,"Human Resources",78456,57,Remote
Gusella,Tavner,"Research and Development",126058,29,Remote
Bryn,Lomb,Accounting,149590,28,Remote
Vanda,Wildber,Engineering,154982,35,Remote
Jeffry,Morando,Accounting,92721,25,Remote
Jaquenetta,Otham,Accounting,158086,22,Remote
Ericka,Donwell,Engineering,175201,41,Remote
Lynea,Handman,Engineering,90614,43,Remote
Katya,Rannald,"Business Development",129267,23,Remote
Melissa,Chazotte,"Human Resources",144553,24,Remote
Godfrey,Mourge,Engineering,103488,51,Remote
Ysabel,Evetts,Accounting,84817,48,Remote
Godfrey,Rathe,Engineering,139387,57,Remote
Ricki,Lowde,"Business Development",81628,42,Remote
Valaree,Jones,Services,175476,44,Remote
Dalila,Stobbs,Engineering,81417,46,Remote
Linzy,Geeves,Engineering,141586,42,Remote
Ernest,Hitzschke,Engineering,164810,54,Remote
Rosamond,Casetti,Training,139428,43,Remote
Goddart,Bramford,Accounting,132301,44,Remote
Phaedra,Kolczynski,Training,114461,32,Remote
Alexina,Cumesky,Engineering,88313,36,Remote
Gwynne,Elesander,Engineering,87646,44,Remote
Merrielle,Scottesmoor,Engineering,77951,36,Remote
Abbey,Ethridge,Sales,72702,33,Remote
Shirline,Sprake,"Product Management",95946,54,Remote
Gay,Maasz,Engineering,66030,54,Remote
Kellen,Huffy,Services,76297,32,Remote
Kile,Zannolli,"Human Resources",178933,41,Remote
Udall,Beastall,Engineering,148130,51,Remote
Meghann,McNaughton,Engineering,148820,47,Remote
Aggy,Heinzler,Engineering,154300,30,Remote
Jobina,Skillings,Engineering,107818,26,Remote
Salvatore,Woodvine,"Human Resources",128023,37,Remote
Timoteo,Clavey,Engineering,132640,36,Remote
Clayborne,Tordiffe,"Business Development",133652,29,Remote
Carlotta,Fogel,"Product Management",105997,39,Remote
Brittney,Ivison,Services,151166,47,Remote
Adolph,Gannaway,"Human Resources",100852,54,Remote
Kenyon,Bramford,Engineering,141129,53,Remote
Maximilien,Hardstaff,Engineering,66547,36,Remote
Aluino,Hay,Training,150227,51,Remote
Darrick,Kimbling,Engineering,138720,56,Remote
Cassie,Stawell,Sales,153930,30,Remote
Harv,Fouracres,Support,68579,55,Remote
Dyana,Ferrarese,Training,152623,54,Remote
Lacee,Gotter,Accounting,104965,26,Remote
Iolande,Patchett,Engineering,109705,58,Remote
Saul,Mayman,Engineering,78359,51,Remote
Rory,Wentworth,Sales,83088,43,Remote
Sorcha,Agget,Accounting,167529,56,Remote
Ara,Klimushev,"Research and Development",68245,40,Remote
Winnie,Sheldon,Engineering,171890,27,Remote
Walker,Antognazzi,Engineering,172210,31,Remote
Ermentrude,Grogan,"Human Resources",104362,35,Remote
Micky,Chaffey,Engineering,130726,44,Remote
Benedick,Wann,Engineering,122766,40,Remote
Kiley,McCarry,Training,132522,41,Remote
Kali,Duffield,Support,72343,44,Remote
Lydon,Vynehall,Engineering,107583,52,Remote
Hunter,Learman,Accounting,152781,22,Remote
Eli,Quarrell,Engineering,180652,34,Remote
Brett,Trudgian,Engineering,152602,49,Remote
Beatrix,Youens,Sales,131402,25,Remote
Erwin,Licciardi,Engineering,124657,35,Remote
Candi,Waples,Services,175957,57,Remote
Sasha,Bassick,"Product Management",78536,45,Remote
Tad,Armitage,"Business Development",115729,51,Remote
Regina,Faircliff,Services,132183,48,Remote
Deeanne,Laurand,Accounting,94162,46,Remote
Garret,McDougle,Sales,141721,25,Remote
Aubrey,Clint,Sales,94329,57,Remote
Malcolm,Garbott,Engineering,88323,34,Remote
Tiff,Cayzer,"Human Resources",130466,46,Remote
Blondy,Orviss,"Business Development",156637,31,Remote
Meghan,Baptiste,"Product Management",94197,24,Remote
Halli,McDoual,"Human Resources",138566,51,Remote
Stormi,McIlmorie,Services,146259,50,Remote
Roselin,Bohlje,Engineering,168501,39,Remote
Ugo,Eake,Engineering,112355,27,Remote
Valerye,Whillock,"Human Resources",172722,56,Remote
Fraze,Charpin,Training,147404,25,Remote
Hall,Gallon,Engineering,94993,35,Remote
Barri,Seyfart,Engineering,183815,43,Remote
Jania,Beacroft,Accounting,163719,50,Remote
Valina,Grindall,"Business Development",86188,34,Remote
Sampson,Mobberley,Accounting,96938,29,Remote
Terra,Quixley,"Business Development",183546,55,Remote
Skye,Janusik,Accounting,105419,51,Remote
Gilbertina,Deschelle,"Business Development",102890,48,Remote
Enriqueta,Preshous,Accounting,122331,29,Remote
Dunc,Stock,Engineering,151803,32,Remote
Aube,Sivewright,Engineering,153951,36,Remote
Nessie,Gane,Accounting,142127,44,Remote
Oralia,Siddle,Accounting,159641,26,Remote
Marley,Mordaunt,"Business Development",158576,28,Remote
Wynn,Rean,Accounting,140287,27,Remote
Freddy,Follett,Accounting,144620,24,Remote
Madeleine,O'Fallone,Sales,166269,36,Remote
Kingsley,Chansonnau,Engineering,98168,56,Remote
Chic,Cassam,Engineering,123267,21,Remote
Nicolas,Berkery,Engineering,140623,52,Remote
Hanson,Felton,"Business Development",104215,30,Remote
Guido,Reichardt,Engineering,103987,34,Remote
Juan,Nesby,Engineering,138419,34,Remote
Roth,Crocken,Support,92814,23,Remote
Amby,Neilus,Sales,145096,42,Remote
Rhodia,Kildahl,"Research and Development",121277,51,Remote
Wainwright,Domesday,"Human Resources",169616,52,Remote
Scot,Jaan,Accounting,103328,38,Remote
Abey,Cornuau,Accounting,112070,44,Remote
Hermy,Langan,"Business Development",136079,46,Remote
Terra,Febry,Training,175746,36,Remote
Annemarie,Bettenay,Engineering,82146,30,Remote
Etan,Espinet,Engineering,76490,23,Remote
Trip,Fallens,Services,120221,30,Remote
Ruben,Lilian,Training,71738,52,Remote
Cherida,Meaking,"Research and Development",124578,22,Remote
Isa,Ingry,Engineering,170925,35,Remote
Bethanne,Teresse,Engineering,101568,51,Remote
Guillema,Magee,Engineering,173121,24,Remote
Danell,Evert,Services,105782,26,Remote
Faina,Stansell,Accounting,122551,25,Remote
Vale,Castagnaro,Training,152908,53,Remote
Laverna,Battleson,Engineering,135692,44,Remote
Josias,Wrankling,Accounting,91122,39,Remote
Dennet,Elliker,Engineering,107272,55,Remote
Colet,Shinton,Accounting,143875,37,Remote
Martino,Naile,Support,109110,28,Remote
Joeann,Johanning,Training,111760,45,Remote
Ferguson,Isham,Support,173542,49,Remote
Bald,"De la Yglesia",Services,86551,31,Remote
Rafaelia,Biaggetti,Engineering,100959,27,Remote
Blinnie,Britto,"Human Resources",98295,47,Remote
Raleigh,Leggan,Engineering,168242,24,Remote
Elizabet,Linwood,"Business Development",66680,52,Remote
Ivor,Mowle,"Research and Development",70535,51,Remote
Trumaine,Egdell,Accounting,101389,42,Remote
Audrye,Rowson,Engineering,142123,25,Remote
Herb,Proom,Engineering,182042,41,Remote
Welsh,Manjin,"Business Development",136874,49,Remote
Drusy,Mooney,Training,77986,32,Remote
Saidee,Gracey,Accounting,146198,32,Remote
Arluene,"D' Angelo",Engineering,164838,44,Remote
Madelaine,Waterstone,Marketing,155236,33,Remote
Wye,Mallebone,"Product Management",94282,25,Remote
Bond,Soule,Engineering,93995,35,Remote
Abrahan,MacAne,Services,152574,52,Remote
Conrado,Baradel,Sales,76935,56,Remote
Sabra,Sange,Engineering,106459,46,Remote
Harris,Alekhov,Accounting,148372,50,Remote
Frank,Harland,Services,162292,23,Remote
Keene,Iacomelli,"Business Development",86562,41,Remote
Tod,Frankema,"Business Development",164429,56,Remote
Tobit,Peatman,Engineering,158582,23,Remote
Will,Lang,Engineering,160132,44,Remote
Agata,Bartholat,Sales,124238,50,Remote
Zoe,Upcraft,Sales,141245,48,Remote
Eyde,Threadgill,"Human Resources",162016,33,Remote
Kristy,Addionizio,"Human Resources",117701,41,Remote
Ethelind,Hightown,Accounting,148288,31,Remote
Valentia,Nuccii,Marketing,99320,34,Remote
Bethany,Benediktsson,Accounting,161986,28,Remote
Kelley,Castaner,Engineering,154394,46,Remote
Sindee,Kike,Marketing,97912,21,Remote
Lyssa,Rainton,Marketing,124034,25,Remote
Tarrah,Oleksinski,Engineering,150043,44,Remote
Ana,Feldstern,Training,120502,38,Remote
Evanne,Lander,Accounting,145389,56,Remote
Peggie,Beed,Training,175755,29,Remote
Alanson,Lavery,Sales,74699,32,Remote
Arlyn,Favel,"Business Development",70967,32,Remote
Tabbatha,Carruth,Accounting,85544,41,Remote
Pippa,Morsey,Auditing,141929,22,Remote
Nettle,Blogg,Engineering,162894,31,Remote
Jobey,Dickinson,Engineering,83627,43,Remote
Lorenzo,Bresner,Engineering,98622,24,Remote
Arte,McAster,Engineering,96536,21,Remote
Delmar,Dakhov,Engineering,82467,50,Remote
Bria,Parlour,Services,67756,21,Remote
Price,O'Moylane,Support,144892,40,Remote
Nertie,Felten,Accounting,77335,55,Remote
Kenn,Pond-Jones,Legal,123911,24,Remote
Farr,"Le Fevre",Sales,128108,50,Remote
Mayne,Banbrick,Sales,144196,56,Remote
Randene,Noden,"Business Development",93358,31,Remote
Andie,Jenkyn,Engineering,108598,31,Remote
Carlota,Tilson,Services,85217,38,Remote
Hubie,Forman,"Product Management",84514,49,Remote
Finn,Guirau,Marketing,171710,42,Remote
Charity,Isaksson,Accounting,101195,29,Remote
Filippo,Loade,Sales,154685,25,Remote
Jeremy,Purchase,Engineering,160620,23,Remote
Sharia,Riddock,"Human Resources",88884,37,Remote
Tully,Darey,Marketing,145410,24,Remote
Dougy,Jankovsky,Accounting,168884,44,Remote
Benedicto,Morland,Training,138401,42,Remote
Alf,Pascow,Sales,87316,37,Remote
Malory,Vears,"Human Resources",120059,32,Remote
Juliane,Dunthorn,Engineering,101430,32,Remote
Charo,Elven,Engineering,170906,32,Remote
Emmott,Cargenven,Accounting,101451,26,Remote
Almeria,Adney,Engineering,111737,40,Remote
Berti,Pashby,Accounting,164420,43,Remote
Rafa,Ryce,"Product Management",96444,53,Remote
Raynor,Fraschini,Training,92067,34,Remote
Lisle,Pluvier,Training,131447,40,Remote
Jeanna,Willbraham,Training,136509,25,Remote
Diann,Northbridge,Accounting,128097,53,Remote
Dillon,Playfair,Engineering,104270,50,Remote
Glenn,Oxtiby,Marketing,79429,50,Remote
Nikolaus,Bromell,Legal,167681,55,Remote
Latia,Furzer,"Human Resources",182872,33,Remote
Gretel,Fawssett,Engineering,93319,53,Remote
Alfonso,Salliss,Accounting,96138,34,Remote
Hatti,Collcutt,Accounting,110119,53,Remote
Mathilde,Armistead,Services,128655,50,Remote
Niki,Archell,Accounting,130260,56,Remote
Nettle,Lergan,Engineering,95347,54,Remote
Delila,Rockcliffe,"Human Resources",115360,23,Remote
Ferguson,Priestman,"Research and Development",169247,53,Remote
Katerine,Hagergham,Support,162497,51,Remote
Delphine,Culbert,Training,72271,29,Remote
Lynne,Crallan,Engineering,91258,23,Remote
Melissa,Bonnor,Accounting,106536,28,Remote
Maury,Lindemann,Accounting,90952,40,Remote
Herculie,Hatliff,Accounting,96152,36,Remote
Lizabeth,McLice,"Business Development",166569,35,Remote
Nisse,Wight,Engineering,158686,42,Remote
Rowe,Fish,Engineering,173719,32,Remote
Eliot,Chatten,Engineering,128004,35,Remote
Lombard,Meace,Engineering,146187,30,Remote
Laurianne,Paulin,Engineering,177384,30,Remote
Samara,Rew,Engineering,75509,34,Remote
Mano,Greatham,Training,72823,21,Remote
Gladi,Abbot,Accounting,149717,49,Remote
Mindy,Charlon,Engineering,118184,36,Remote
Angel,Nickols,Accounting,156601,51,Remote
Mackenzie,Drains,"Business Development",87097,40,Remote
Catherin,Wiszniewski,Training,133309,47,Remote
Ramon,Rawll,Engineering,129469,54,Remote
Baillie,Kadwallider,"Research and Development",85732,52,Remote
Lambert,Finker,Engineering,165586,50,Remote
Godfry,Georgiades,Sales,164992,31,Remote
Tanny,MacRonald,Support,65771,39,Remote
Fax,Gepheart,Training,177949,31,Remote
Nap,Odger,Training,158095,57,Remote
Candie,Degoy,Training,163653,31,Remote
Burg,Lowne,Accounting,112217,26,Remote
Natty,Larne,Engineering,165340,30,Remote
Mattie,Meneghelli,"Business Development",116948,34,Remote
Sophey,Abelson,"Research and Development",158580,45,Remote
Chrystel,Longthorne,"Business Development",153485,45,Remote
Haleigh,"Le febre",Accounting,165722,40,Remote
Somerset,"De Freitas",Sales,106045,54,Remote
Karin,Bowra,"Business Development",162266,23,Remote
Wilmette,Sweating,"Business Development",148300,51,Remote
Temple,Camblin,Sales,73223,27,Remote
Stefa,McGlew,Engineering,115163,53,Remote
Collen,Koschke,Engineering,141840,36,Remote
Zea,Bryceson,Support,112208,33,Remote
Lissi,Cone,Accounting,90662,34,Remote
Glennie,Maplesden,Engineering,137761,58,Remote
Jeniece,Kincade,Engineering,130454,47,Remote
Brenda,Froud,Engineering,164671,29,Remote
Case,Rossbrook,Engineering,68564,23,Remote
Noel,Coode,Engineering,77584,47,Remote
Harald,Dyott,Engineering,172420,54,Remote
Odetta,Genner,Accounting,154923,52,Remote
Tripp,Shillito,Training,161223,54,Remote
Dwight,"Di Pietro",Engineering,184080,26,Remote
Barb,Grewes,Training,120052,44,Remote
Chris,Tuson,Engineering,155876,35,Remote
Bertrand,Smithers,Engineering,118015,41,Remote
Sandie,Bote,"Research and Development",86945,37,Remote
Madelle,Ryles,Accounting,88607,57,Remote
Corrie,Fasset,Engineering,156204,47,Remote
Karlotta,Inskipp,"Human Resources",171012,55,Remote
Elmo,Aylmer,Engineering,73088,22,Remote
Reagan,Mellhuish,Sales,174299,36,Remote
Marylynne,Gowanlock,Legal,83020,40,Remote
Evonne,Fenna,Accounting,133371,40,Remote
Willow,Lytton,"Research and Development",144048,53,Remote
Fayth,Danaher,Training,148268,43,Remote
Olav,Viccars,Accounting,68914,32,Remote
Berkeley,Pagen,Engineering,143599,37,Remote
Bliss,Sebire,Sales,115528,28,Remote
Hervey,Nellis,Accounting,97327,35,Remote
Richmond,Vicioso,Marketing,110806,46,Remote
Jillane,Webbe,Sales,119018,27,Remote
Sandy,Beebe,Services,168925,53,Remote
Nadia,Legerton,"Business Development",173990,43,Remote
Sallyanne,Benedtti,Services,122977,41,Remote
Fallon,Yorkston,Training,68671,39,Remote
Wenonah,Idell,Accounting,134350,31,Remote
Hugh,MacGinlay,Engineering,101354,43,Remote
Karilynn,Terbeck,"Research and Development",154743,44,Remote
Matthew,Whines,Engineering,122773,42,Remote
Reid,Riccelli,Accounting,129286,54,Remote
Scotti,Shropshire,"Business Development",84150,28,Remote
Dorthea,Careswell,Accounting,149424,48,Remote
Waylen,Conley,Engineering,182103,33,Remote
Daphne,"de Cullip",Accounting,146897,44,Remote
Leora,Rippingall,Accounting,94945,22,Remote
Whitman,Little,Services,132815,24,Remote
Moore,Tarbet,Services,175489,25,Remote
Zahara,Annakin,"Business Development",82132,47,Remote
Maynord,Burvill,Engineering,82755,27,Remote
Lesley,Blowers,"Human Resources",82927,25,Remote
Kendell,Cooksley,Engineering,161696,51,Remote
Karla,Braney,Accounting,122107,40,Remote
Phyllys,Rigbye,Services,103423,23,Remote
Teodoor,Pedgrift,Engineering,154630,21,Remote
Trip,Drynan,Sales,169361,22,Remote
Antonia,Hallyburton,Engineering,171005,21,Remote
Stanfield,Sandhill,Sales,87531,52,Remote
Jewell,Stigers,"Research and Development",107731,35,Remote
Durand,Osmon,"Human Resources",111651,22,Remote
Jonis,Twallin,Training,95322,35,Remote
Cahra,Goodfellowe,"Business Development",142626,23,Remote
Davine,Shickle,Engineering,103170,23,Remote
Novelia,Gregory,"Human Resources",145617,33,Remote
Winn,Burgis,Engineering,76125,31,Remote
Benji,Lilburne,Marketing,138260,52,Remote
Kessiah,Hubbuck,Accounting,102971,39,Remote
Angelica,Hutchinson,"Business Development",109904,35,Remote
Belva,Howard,Engineering,157120,33,Remote
Melitta,Sictornes,Engineering,180247,37,Remote
Ignacius,Axup,"Human Resources",131786,53,Remote
Dewain,Sheryn,Engineering,134920,30,Remote
Tracee,Tregoning,"Human Resources",177536,25,Remote
Marthe,Cardenoso,Training,166630,22,Remote
Ermin,Neachell,Sales,81463,39,Remote
Borg,Anwell,"Business Development",162671,56,Remote
Garth,Laughton,Legal,118061,24,Remote
Maurita,Spino,Engineering,178723,53,Remote
Elmer,Aviss,"Human Resources",88697,44,Remote
Levin,Rosenfeld,Engineering,149109,35,Remote
Abigail,Kordova,"Business Development",68455,47,Remote
Aldus,Hue,Engineering,150336,43,Remote
Ashlen,Kleisle,Engineering,94934,30,Remote
Zandra,Semaine,Engineering,124513,21,Remote
Kalie,Hamsley,Engineering,166340,53,Remote
Mitchael,Kilpin,Accounting,145044,39,Remote
Erskine,Kunkler,Accounting,132574,22,Remote
Rosmunda,Slack,Sales,176029,43,Remote
Magda,Divina,Engineering,142300,50,Remote
Sadella,Colcutt,Training,124335,32,Remote
Tarrah,Oven,Engineering,131785,28,Remote
Blakeley,Cleaton,"Research and Development",90185,52,Remote
Jean,Bricksey,Support,114965,50,Remote
Nollie,Torrance,Training,87952,29,Remote
Nolly,Pfaffel,Engineering,90980,29,Remote
Renado,Stenton,"Human Resources",130802,33,Remote
Cammi,Cristobal,"Research and Development",150222,23,Remote
Chauncey,Dulwitch,Engineering,181552,52,Remote
Yuri,Mathiot,Services,71897,30,Remote
Mary,Howling,Training,98718,35,Remote
Elfrieda,Swindles,Sales,65776,22,Remote
Bridie,Stansby,Engineering,83536,55,Remote
Wilbur,Pigott,Training,139933,46,Remote
Oliy,Beharrell,Engineering,90936,42,Remote
Jolie,Pleasance,Accounting,182462,31,Remote
Marten,Wrankmore,Accounting,164614,54,Remote
Morey,Heathcoat,"Research and Development",69302,27,Remote
Emlyn,Greguoli,"Research and Development",166070,48,Remote
Caresa,Kuzma,Engineering,152082,52,Remote
Gloria,Livett,Training,152087,36,Remote
Jacqui,Andreopolos,Accounting,131824,57,Remote
Enrique,Montier,Engineering,117744,46,Remote
Bab,Todari,"Human Resources",84875,41,Remote
Nollie,Tilte,Accounting,170692,47,Remote
Torin,Manterfield,Accounting,96908,22,Remote
Fredrick,Soles,Engineering,152069,57,Remote
Rossy,Wheeldon,Accounting,85665,41,Remote
Laverna,Maryott,Engineering,174490,49,Remote
Garrett,Hebblethwaite,Sales,125824,22,Remote
Leesa,Easterby,Accounting,66309,43,Remote
Doloritas,Jakobssen,Training,144321,46,Remote
Rivalee,Smissen,"Human Resources",112328,28,Remote
Rosie,Comport,Legal,118741,31,Remote
Felike,Escalero,"Research and Development",137152,25,Remote
Prudence,Mariel,"Product Management",160867,33,Remote
Thomasina,Weedall,Engineering,105672,41,Remote
Cosetta,Blakebrough,Engineering,77690,35,Remote
Elias,Ashtonhurst,"Human Resources",117031,34,Remote
Ralph,Denty,Services,167794,29,Remote
Alasdair,Rudman,"Business Development",113517,30,Remote
Roi,Bigham,Engineering,182953,38,Remote
Doralyn,Dowda,Sales,103451,48,Remote
Fallon,Emtage,Sales,150573,36,Remote
Burgess,Reford,Engineering,101486,58,Remote
Marie,Yggo,"Business Development",100054,49,Remote
Addia,Coddington,Engineering,180991,45,Remote
Ermengarde,Wilkisson,"Human Resources",108434,21,Remote
Blair,Sesser,Support,123209,56,Remote
Dina,Bibby,Engineering,140435,22,Remote
Hurleigh,MacNeilley,"Human Resources",128556,27,Remote
Dudley,Breche,Engineering,116115,25,Remote
Lyndy,Filipov,Training,144833,31,Remote
Mickie,Mott,"Human Resources",104001,26,Remote
Regan,Gumby,"Product Management",178785,28,Remote
Mireille,Hacker,Accounting,176859,45,Remote
Nissie,Petrolli,Sales,102320,35,Remote
Fara,Filippo,Engineering,84424,36,Remote
Natalie,Hurler,Services,103476,29,Remote
Zeke,Berka,"Human Resources",77208,43,Remote
Kalie,O'Coskerry,"Research and Development",87298,46,Remote
Teodoro,Ensten,Engineering,76682,49,Remote
Marcela,Arnao,"Research and Development",117693,50,Remote
Carlos,Arnaudet,Support,65597,23,Remote
Peter,Carthew,Accounting,99250,40,Remote
Stephannie,Toms,Engineering,177287,36,Remote
Ignace,Littefair,"Business Development",98051,45,Remote
Daveta,Leblanc,"Human Resources",135233,51,Remote
Kristan,Machans,"Product Management",105532,48,Remote
Fin,Bennett,"Business Development",125340,55,Remote
Niels,Boshell,Training,113770,56,Remote
Felipe,Aulton,Training,91284,46,Remote
Lloyd,Chellam,"Business Development",146674,48,Remote
Leoine,Cowcha,Engineering,170723,42,Remote
Pearle,Maple,"Business Development",135537,43,Remote
Rochelle,Hastwell,"Research and Development",147227,53,Remote
Heather,Merlin,Services,70096,44,Remote
Rabbi,Pegden,"Business Development",177551,36,Remote
Obed,Weller,Engineering,104458,31,Remote
Melodee,Zapater,Legal,97085,46,Remote
Lissy,Barnbrook,Training,167242,23,Remote
Quintin,Baylay,Engineering,147918,36,Remote
Cris,Fosserd,Engineering,79323,22,Remote
Mohandis,Durante,Training,90759,36,Remote
Enrica,Matuszak,Services,120151,27,Remote
Zachariah,Tomkins,Sales,164423,36,Remote
Buffy,Espinho,Training,107500,24,Remote
Rriocard,Sturridge,Sales,83694,25,Remote
Clemente,Elmore,Accounting,121102,51,Remote
Susanna,Order,Engineering,155476,40,Remote
Olenolin,Jaggers,Engineering,130231,46,Remote
Annadiane,Mereweather,Services,163098,21,Remote
Benedetta,Itscovitz,Sales,137566,33,Remote
Tina,Thrift,Sales,75045,27,Remote
Maryanne,Abramowsky,Services,160655,56,Remote
Sylvan,Staples,Engineering,118841,47,Remote
Zerk,Varran,Support,154463,57,Remote
Ruddy,Kender,Accounting,136808,43,Remote
Ezri,Ferrar,Accounting,108908,56,Remote
Hailey,McKeney,Engineering,107068,48,Remote
Reagen,Spencelayh,Marketing,126076,50,Remote
Karylin,Phythien,Accounting,72739,55,Remote
Ag,Deware,Engineering,83523,43,Remote
Helge,Docket,Engineering,142266,21,Remote
Scarface,Kalinsky,"Business Development",158945,26,Remote
Dominique,Colliss,"Human Resources",89543,41,Remote
Conrado,Biddwell,Sales,73911,55,Remote
Silvio,Logue,Sales,87403,52,Remote
Misti,Ludlem,"Product Management",157263,50,Remote
Halimeda,Haggidon,"Human Resources",155154,42,Remote
Brittne,Kuhlen,Engineering,165989,49,Remote
Laurena,Bourthouloume,Training,162521,24,Remote
Mureil,Nicklinson,Services,80334,30,Remote
Osmond,Redmire,Accounting,126068,30,Remote
Artemis,Meachem,Training,146884,31,Remote
Ricki,Farnie,Accounting,69097,52,Remote
Lorene,Dibbe,Services,118673,32,Remote
Carmel,Hoxey,Engineering,107567,56,Remote
Jewel,Anfusso,Engineering,75630,50,Remote
Deirdre,Janssen,Engineering,99648,32,Remote
Thaddus,Vynehall,Engineering,98849,39,Remote
Laurette,Inston,Sales,103012,34,Remote
Mallorie,Pudan,Engineering,90335,54,Remote
Vernor,Collett,Engineering,71998,42,Remote
Bink,Albrighton,"Business Development",136874,33,Remote
Boy,Briereton,Engineering,166115,47,Remote
Nata,Kornilov,Accounting,162546,51,Remote
Salomi,McLoughlin,"Business Development",104608,32,Remote
Tyrus,Soffe,Sales,172729,32,Remote
Ophelia,Brewin,Support,134601,57,Remote
Tobey,Dyott,Sales,160090,32,Remote
Olly,Pighills,Engineering,118723,38,Remote
Valerye,Lumm,Accounting,98560,30,Remote
Cleve,Tirrey,Sales,161847,31,Remote
Pinchas,Stanford,Engineering,140834,48,Remote
Brand,Bahls,"Research and Development",166959,31,Remote
Lacey,Thomazet,Accounting,125011,52,Remote
Cherice,Flucker,Engineering,69685,35,Remote
Tessi,Danter,Engineering,106239,50,Remote
Miles,Doppler,Support,126359,36,Remote
Darcy,Hurl,Engineering,144917,35,Remote
Carter,Bodycote,"Human Resources",85885,49,Remote
Paquito,Vakhrushev,Engineering,166099,39,Remote
Hayes,Carleman,"Product Management",179579,48,Remote
Wildon,Friman,Engineering,175436,22,Remote
Andrea,Vautin,Sales,164956,33,Remote
Horton,Galpen,"Product Management",175553,48,Remote
Glen,Altoft,Support,162485,42,Remote
Guillaume,Clynmans,"Human Resources",126623,47,Remote
Mersey,Graben,Engineering,78025,48,Remote
Lorry,Claibourn,"Product Management",150754,32,Remote
Nat,Spellman,Engineering,144439,54,Remote
Sloan,Sollowaye,Engineering,147183,38,Remote
Maddy,Christofe,"Business Development",89254,40,Remote
Vilhelmina,Burrows,Engineering,101312,48,Remote
Loralie,Elstub,Services,84148,33,Remote
Hilary,Timcke,Accounting,152787,42,Remote
Appolonia,Newick,Accounting,99103,36,Remote
Kessia,Yaus,Engineering,86023,47,Remote
Cami,Sabater,Services,82574,27,Remote
Kelley,Schoenrock,Engineering,155019,51,Remote
Selestina,McGragh,Accounting,103411,27,Remote
Coletta,Goalby,Engineering,83418,41,Remote
Eula,Cearley,"Business Development",162860,36,Remote
Maiga,Carhart,Accounting,87142,28,Remote
Andros,Grabiec,Engineering,137558,38,Remote
Leonard,Huller,Engineering,100253,49,Remote
Nessie,Lemary,Engineering,80363,37,Remote
Amelita,Grut,Sales,125025,48,Remote
Marne,Ribbens,Engineering,153377,33,Remote
Coletta,Vasyukhichev,Engineering,178177,35,Remote
Ellissa,Overal,Accounting,68913,28,Remote
Anna-diana,Goodwyn,Support,169070,25,Remote
Florinda,Casarili,Engineering,177193,25,Remote
Greta,Sheers,Training,98162,21,Remote
Magdalene,Timeby,Engineering,127007,31,Remote
Constancia,Chillingsworth,Support,155788,49,Remote
Francois,Sandeman,Sales,107856,47,Remote
Eustace,Rummin,Accounting,80342,38,Remote
Aube,Teresi,Engineering,150133,30,Remote
Nathan,Ebdon,Accounting,101861,46,Remote
Tommy,Hext,"Human Resources",85618,51,Remote
Silvio,Ayree,Accounting,144514,45,Remote
Vincent,Bergeau,Legal,116653,47,Remote
Richie,Storck,Engineering,89545,42,Remote
Egor,Carnall,Services,93895,33,Remote
Tobe,Slocombe,Accounting,112956,34,Remote
Sarina,MacGowing,Engineering,115604,44,Remote
Gaultiero,Olsson,Support,76267,34,Remote
Mariette,Middler,Sales,162351,32,Remote
Dulce,Ahrenius,Engineering,76853,45,Remote
Steven,Lindberg,Engineering,152986,30,Remote
Glenna,Wingham,Services,154425,41,Remote
Fredelia,Ragsdale,Accounting,75326,46,Remote
Rudie,Leeuwerink,Engineering,73346,51,Remote
Austine,Blackwood,Engineering,175095,43,Remote
Ange,Shortell,Engineering,85593,39,Remote
Becka,Groomebridge,"Research and Development",171364,22,Remote
Tressa,McDonogh,Accounting,74521,29,Remote
Gracia,Tille,Engineering,80513,22,Remote
Osbourn,Gerram,"Business Development",107058,52,Remote
Siouxie,Vellender,"Human Resources",153710,49,Remote
Lynelle,Aris,Engineering,101289,24,Remote
Melina,Kubal,"Research and Development",184231,35,Remote
Hermia,Laudham,Sales,78351,42,Remote
Valentin,Dilger,Training,142768,41,Remote
Merwin,Soot,"Research and Development",179814,25,Remote
Lisle,Cadalleder,Services,142465,54,Remote
Katinka,Rickaert,"Business Development",158534,41,Remote
Jannel,Morey,"Product Management",132928,47,Remote
Marvin,Glisane,Engineering,176136,27,Remote
Byrann,Hunnicutt,"Product Management",71434,40,Remote
Johnathan,Randell,"Research and Development",147299,34,Remote
Ludwig,Adnam,Support,117089,34,Remote
Tedi,Cawthra,"Human Resources",112874,45,Remote
Allegra,Vellender,Services,135030,24,Remote
Ofelia,Ferras,Sales,110952,43,Remote
Lezlie,Edmonds,Legal,124614,42,Remote
Justis,Rogliero,Auditing,116400,22,Remote
Rufus,Daniell,"Human Resources",106858,34,Remote
Karel,Pedersen,Services,177873,47,Remote
Ravid,Shory,"Research and Development",162895,49,Remote
Patrice,Giller,Training,90126,41,Remote
Judon,Rawlinson,Auditing,140124,28,Remote
Shayne,Yellowlee,Services,157421,56,Remote
Hermy,Stiling,"Human Resources",155263,30,Remote
Pryce,Ekless,Marketing,79162,39,Remote
Curt,Baudic,Engineering,178959,52,Remote
Tildie,Fellos,Engineering,118715,54,Remote
Skelly,Dunnett,Accounting,93779,36,Remote
Maryjane,Keaveny,Marketing,169303,24,Remote
Tait,Secrett,"Human Resources",182078,49,Remote
Homerus,Burkin,Engineering,133377,49,Remote
Guenevere,Furney,"Business Development",182613,30,Remote
Charles,Stowell,Services,138514,47,Remote
Gwynne,Wilman,Sales,131478,25,Remote
Hope,MacCallister,Services,124427,55,Remote
Jacenta,Dreakin,Engineering,115054,27,Remote
Ingelbert,Cultcheth,Accounting,94330,56,Remote
Catriona,Skyrme,Engineering,179847,32,Remote
Marchall,Leverington,Training,115867,50,Remote
Laina,Itzkovwitch,Engineering,106119,35,Remote
Alexandre,Seel,Training,166559,41,Remote
Jania,Smorfit,Engineering,95763,53,Remote
Erna,Littlecote,Support,69426,42,Remote
Minnie,Luckey,Accounting,80297,43,Remote
Bren,Walklot,Accounting,135726,44,Remote
Freda,Kyngdon,Accounting,126344,44,Remote
Steward,Wotton,Accounting,163020,54,Remote
Jamie,Amsberger,Accounting,89155,23,Remote
Tobin,Blencowe,Engineering,121733,25,Remote
Barbaraanne,Keppy,"Human Resources",152277,36,Remote
Sidonia,Skettles,Support,144840,31,Remote
Lexis,Levins,Sales,174275,50,Remote
Jacky,Mompesson,"Research and Development",70291,49,Remote
Cy,Blakely,Engineering,96368,45,Remote
Zedekiah,Andraud,Engineering,106120,55,Remote
Cherianne,Winkle,Accounting,161545,26,Remote
Larissa,Swadden,Support,151496,52,Remote
Gregorio,Humphris,Engineering,165142,46,Remote
Myer,Wadie,"Human Resources",179209,48,Remote
Neila,Dodding,Engineering,120126,36,Remote
Jeni,Northey,Accounting,86231,49,Remote
Analiese,Chatto,"Human Resources",133785,54,Remote
Lani,Kinnoch,Accounting,106485,45,Remote
Henry,Clarkin,Services,66829,35,Remote
Chiarra,Lee,Engineering,151888,29,Remote
Kristina,Kruse,"Business Development",154904,21,Remote
Broderic,Dronsfield,"Human Resources",180336,42,Remote
Warden,Benley,Legal,138118,54,Remote
Pamela,Dundredge,"Human Resources",93025,51,Remote
George,Ruthen,Services,159663,22,Remote
Lorens,Henningham,Services,68763,37,Remote
Ulick,Tunkin,"Human Resources",164095,28,Remote
Nikolai,Clunie,Engineering,105550,53,Remote
Tabatha,Ruddy,Accounting,152424,23,Remote
Niki,Brakewell,Accounting,177475,33,Remote
Molly,Apdell,"Human Resources",150178,49,Remote
Flori,Tatem,Accounting,164815,39,Remote
Powell,Skunes,Legal,73389,46,Remote
Shannah,Bamfield,Services,158097,43,Remote
Margaux,Norquay,Engineering,131001,45,Remote
Debby,Brody,Support,149043,55,Remote
Marleah,Marler,Engineering,163398,57,Remote
Ellyn,Byfford,Engineering,66209,52,Remote
Alistair,Pirelli,Services,79714,56,Remote
Naoma,Barney,Engineering,140945,54,Remote
Fayina,Bruster,Engineering,68948,39,Remote
Sapphire,Berwick,"Human Resources",81562,42,Remote
Stephi,Humber,Support,97645,50,Remote
Osgood,Mews,"Business Development",151945,34,Remote
Natka,Moyer,Accounting,103055,38,Remote
Nealy,Bestwerthick,Accounting,70085,38,Remote
Cosmo,Duce,Services,84726,37,Remote
Mervin,Noice,Engineering,172565,43,Remote
Crysta,Dowda,Accounting,137713,35,Remote
Lem,Michell,Engineering,154591,43,Remote
Klara,Dassindale,Engineering,70752,51,Remote
Rex,Cheesman,Accounting,136401,48,Remote
Donnie,Ruttgers,"Research and Development",92079,33,Remote
Nance,Brinded,Accounting,127220,43,Remote
Emera,Kemball,Engineering,85257,30,Remote
Maiga,Sier,Accounting,127460,46,Remote
Quint,Jankin,Accounting,108901,41,Remote
Aggy,Mankor,Engineering,98510,54,Remote
Bonnibelle,Eddies,Engineering,112275,27,Remote
Darelle,Page,Engineering,128143,29,Remote
Zeke,Skilbeck,Training,169496,50,Remote
Gilles,Kenworthey,Sales,162407,49,Remote
Aldon,Fasler,Support,110968,24,Remote
Jasper,Fitzsimons,Support,146993,37,Remote
Therine,Burgott,Sales,137517,26,Remote
Meagan,Sutworth,Accounting,107505,21,Remote
Lockwood,Shiel,Sales,121735,27,Remote
Lulu,Kitman,Engineering,175424,42,Remote
Sharleen,Bridgewood,Engineering,131467,39,Remote
Aindrea,Fortesquieu,Accounting,156163,40,Remote
Leila,Charon,Engineering,131202,27,Remote
Derrick,Brandes,"Human Resources",179254,29,Remote
Rani,Chace,Accounting,170093,40,Remote
Mack,Bruyns,Training,138621,52,Remote
Oralia,Fairlaw,"Research and Development",82061,55,Remote
Klara,Endrighi,Engineering,102996,48,Remote
Melissa,Aksell,Training,144690,37,Remote
Tynan,Cummine,Engineering,111001,53,Remote
Leopold,Aysh,Accounting,111756,32,Remote
Kary,Adamec,Engineering,158518,35,Remote
Angel,Fealty,Sales,136041,24,Remote
Waylon,Ayerst,Engineering,106387,57,Remote
Faulkner,Jarville,Engineering,148283,51,Remote
Licha,Sperwell,Training,92448,47,Remote
Carlynn,Tytherton,Support,77272,48,Remote
Quinn,Rutter,Legal,120197,40,Remote
Joseph,Rubertelli,Accounting,110951,29,Remote
Cyrille,Deinhardt,"Business Development",129831,47,Remote
Melody,Baynton,"Human Resources",147883,46,Remote
Moishe,Barson,Training,72013,49,Remote
Dar,Warrington,Training,87017,36,Remote
Cyrus,Brunroth,Services,125623,37,Remote
Gardie,Olivas,Accounting,101606,25,Remote
Kassia,Basset,"Research and Development",107592,52,Remote
Editha,Oakeshott,Engineering,87520,43,Remote
Aldus,Bartlomiejczyk,Support,122887,21,Remote
Alys,Jakolevitch,"Human Resources",181335,57,Remote
Huntley,Demko,Sales,168076,48,Remote
Herbert,Clayton,"Human Resources",141183,57,Remote
Von,Springall,"Research and Development",87949,32,Remote
Batsheva,"De Cruze",Accounting,76195,40,Remote
Emanuele,Mitrovic,Engineering,177329,32,Remote
Edouard,Zamora,Engineering,75772,24,Remote
Mozes,Dightham,Engineering,129553,40,Remote
Katee,Venmore,"Research and Development",123853,21,Remote
Kalle,Bresnahan,"Research and Development",113357,28,Remote
Godart,Parton,Engineering,74615,26,Remote
Clarie,Cauley,Engineering,141055,43,Remote
Cordelie,Grisenthwaite,Engineering,104512,26,Remote
Allie,Toner,Accounting,181704,36,Remote
Masha,Stendell,Accounting,131754,42,Remote
Alix,Ferguson,Training,98890,41,Remote
Lanna,Mongin,Engineering,100948,22,Remote
Merle,Heigold,Accounting,65924,52,Remote
Janeta,Worner,"Product Management",160420,32,Remote
Chadd,Steagall,Engineering,151277,44,Remote
Templeton,Barhams,Engineering,99153,27,Remote
Bonny,Warder,"Business Development",178025,40,Remote
Nollie,Goddert.sf,Accounting,91136,33,Remote
Redford,Garlinge,Engineering,135797,37,Remote
Whitby,Christauffour,"Business Development",116931,23,Remote
Morna,Bladge,"Human Resources",176844,41,Remote
Allis,Fayter,Services,81323,36,Remote
Stoddard,Schiefersten,Engineering,124643,50,Remote
Emylee,MacNab,Services,68038,41,Remote
Tremayne,Jeakins,"Product Management",109508,25,Remote
Hubey,Buxy,"Research and Development",78047,30,Remote
Mahmoud,Heintsch,Services,93084,28,Remote
Catha,Markel,Engineering,66850,44,Remote
Wadsworth,Burress,Sales,177285,33,Remote
Julietta,Haynesford,Accounting,130451,33,Remote
Kassi,Richings,Accounting,124169,39,Remote
Rubie,Falloon,"Human Resources",85971,37,Remote
Antonie,Cutbush,"Human Resources",109407,45,Remote
Ola,McCurlye,Accounting,146547,42,Remote
Norri,Lukasen,Training,76445,34,Remote
Danya,Greiswood,"Human Resources",160657,22,Remote
Hinda,Bourdis,Engineering,92221,49,Remote
Norah,Pakes,Support,69793,57,Remote
Oona,Waren,Accounting,158599,32,Remote
Neddy,Brownstein,Engineering,98956,47,Remote
Osborn,Schowenburg,Sales,76327,37,Remote
Judie,Parkisson,Accounting,175956,31,Remote
Alia,Hallwood,Engineering,93408,41,Remote
Stearn,Limpenny,Services,138192,42,Remote
Nickolaus,Crossdale,Support,164738,55,Remote
Enriqueta,Mouget,Engineering,177817,30,Remote
Mirabella,McHarry,Engineering,109802,29,Remote
Alain,Hinsch,"Human Resources",104999,44,Remote
Zaccaria,Pardon,Accounting,108404,57,Remote
Henri,Skevington,Training,134671,32,Remote
Eilis,Juliff,Sales,76452,55,Remote
Richie,Izzatt,Engineering,98054,32,Remote
Westbrook,Gadson,Engineering,130531,58,Remote
Sammie,McQuillen,Support,98933,34,Remote
Marinna,Shalcras,Services,83059,44,Remote
Theo,Hazelhurst,Training,80377,54,Remote
Lester,Mayman,"Business Development",115134,38,Remote
Mallorie,Luckes,Sales,128826,54,Remote
Durante,Luca,"Research and Development",92336,26,Remote
Lambert,Freund,Accounting,158540,56,Remote
Isa,Mesnard,Training,145654,37,Remote
Irving,Terrington,Sales,71242,53,Remote
Lib,Gofforth,"Business Development",152489,29,Remote
Bail,Luckett,Training,128117,53,Remote
Ashien,Cornhill,Support,183757,32,Remote
Mychal,Scopyn,Services,109677,30,Remote
Jacquette,Giacometti,Engineering,157959,35,Remote
Eustace,Sporrij,Training,150351,52,Remote
Donella,Cardwell,Training,98230,36,Remote
Minor,Milmith,Services,164586,49,Remote
Linell,Camock,Services,110014,52,Remote
Karyn,Whinray,Engineering,81714,25,Remote
Andre,Dawidsohn,Sales,83821,29,Remote
Read,O'Dougherty,Training,97667,26,Remote
Marlo,Tute,Engineering,123233,42,Remote
Meris,Berger,Engineering,148039,39,Remote
Gabriello,Colquete,Training,90241,25,Remote
Cris,Yele,"Business Development",117149,36,Remote
Coop,Tompkins,"Business Development",121317,42,Remote
Halsey,Surmeyers,Services,73387,46,Remote
Georg,Phipard-Shears,Sales,86616,29,Remote
Nobe,Dannel,"Research and Development",166477,45,Remote
Chery,Bunn,Sales,179679,55,Remote
Nikolas,Goulston,Training,167355,28,Remote
Enrique,Jiruch,Engineering,141271,44,Remote
Amelia,Sturgeon,Legal,149708,31,Remote
Alfie,Abrahamsen,Training,76853,35,Remote
Morten,Berge,Engineering,156315,38,Remote
Lorraine,Allmen,Engineering,170121,41,Remote
Liva,Vosse,"Human Resources",165018,49,Remote
Tressa,Ben-Aharon,Engineering,148708,23,Remote
Moreen,Fewtrell,"Business Development",152465,25,Remote
Carla,Pinckard,"Human Resources",133403,21,Remote
Nils,Elmar,Engineering,121189,21,Remote
Wyatan,Degoey,Accounting,91486,22,Remote
Broderick,Rabson,Engineering,96314,26,Remote
Titus,Croome,Services,133352,50,Remote
Gwenore,Flanaghan,"Human Resources",108025,46,Remote
Dag,Krzyzowski,Services,143132,37,Remote
Skylar,Yokley,"Human Resources",171518,45,Remote
Aldric,Lowless,Engineering,115119,46,Remote
Ryan,Kitlee,Engineering,139403,49,Remote
Ellen,Rops,Support,148154,30,Remote
Lynde,Muffin,Training,79536,31,Remote
Alidia,Barkworth,Accounting,103105,45,Remote
Rosene,Kift,Accounting,94914,57,Remote
Devland,Saphir,Training,78284,44,Remote
Pebrook,Matevosian,"Business Development",160539,54,Remote
Cassey,Soall,Engineering,149715,39,Remote
Devonna,Jeandin,Support,121081,47,Remote
Loy,Crampton,Accounting,95438,22,Remote
Haywood,Burtenshaw,Support,140331,31,Remote
Ralph,Cavalier,Training,148946,33,Remote
Izzy,Diver,Engineering,143863,55,Remote
Susie,Simkin,"Human Resources",156618,47,Remote
Giraldo,Braine,"Business Development",162601,51,Remote
Caitlin,Kyffin,Legal,155539,23,Remote
Beatrisa,Tapin,Engineering,102207,44,Remote
Myrta,Morton,Sales,179805,41,Remote
Clarabelle,Meredyth,Accounting,118477,47,Remote
Lucinda,Artist,"Human Resources",178245,35,Remote
Johny,Tonry,Marketing,141182,46,Remote
Clement,Colquhoun,Engineering,84857,24,Remote
Felipa,Kitcat,Accounting,121711,57,Remote
Jsandye,Popping,Services,125149,24,Remote
Rodolfo,Voase,"Human Resources",154666,22,Remote
Jan,Bourdas,Training,127494,48,Remote
Bastian,Petrak,Engineering,95051,31,Remote
Dallis,Medland,Accounting,85638,43,Remote
Layla,Losel,Engineering,105110,32,Remote
Antone,Jovis,Engineering,102685,40,Remote
Kenneth,Eastgate,Accounting,143525,43,Remote
Garrot,Hempel,Engineering,172139,54,Remote
Tiphany,Avey,"Business Development",87335,47,Remote
Sargent,ducarme,"Research and Development",82128,31,Remote
Brigham,Lansly,Engineering,87102,40,Remote
Elka,Chevin,Training,142343,56,Remote
Serge,Daw,Accounting,138780,34,Remote
Ardelis,Brinkley,"Business Development",71273,22,Remote
Freddy,Putman,Engineering,146286,54,Remote
Susie,Trowell,Training,117867,49,Remote
Jase,Gudgin,Accounting,176590,54,Remote
Rori,Prettyjohn,Accounting,124541,49,Remote
Louie,Collihole,"Product Management",115046,58,Remote
Betteanne,Garrud,"Business Development",71421,55,Remote
Mandel,Lemery,"Business Development",107098,47,Remote
Jethro,Raggles,Accounting,135105,45,Remote
Nickey,Megarrell,"Business Development",128910,56,Remote
Ginger,Robken,Sales,156401,45,Remote
Benton,MacAskill,"Research and Development",129738,55,Remote
Leonie,Wardle,Services,71200,35,Remote
Tybie,Urling,Engineering,170295,22,Remote
Albina,Cuolahan,"Business Development",134297,49,Remote
Romola,Miliffe,Engineering,153916,44,Remote
Lina,Goublier,Engineering,162539,33,Remote
Bennie,Giacopello,Services,156152,22,Remote
Emmet,Cops,Sales,105346,46,Remote
Rebe,Salzberg,Engineering,96598,55,Remote
Vanya,Izchaki,Engineering,147470,30,Remote
Cchaddie,Maffin,Legal,107990,55,Remote
Arabelle,Carnaman,Legal,133888,48,Remote
Zarla,Garden,Engineering,156408,37,Remote
Dennie,Gallimore,Engineering,114469,26,Remote
Benji,Delea,Accounting,107109,37,Remote
Lucius,Widdicombe,Marketing,103126,22,Remote
Gretta,Grafhom,Sales,154634,25,Remote
Sileas,Hadny,Training,149721,47,Remote
Adrianne,Pingstone,Accounting,129960,40,Remote
Elisa,Gumn,Engineering,97164,25,Remote
Donia,Yaxley,Sales,122937,57,Remote
Jermain,Ashlin,Training,182418,26,Remote
Barbra,McDill,Engineering,127122,31,Remote
Damara,Coxwell,Engineering,90763,42,Remote
Delcine,Mennithorp,Engineering,161269,34,Remote
Magdalena,Jayne,Marketing,168779,57,Remote
Mirna,Silly,Engineering,133516,23,Remote
Trevar,Buterton,Marketing,168412,56,Remote
Therese,Dumini,"Business Development",91023,39,Remote
Carlee,Burdekin,Training,129228,51,Remote
Cedric,Vakhrushev,"Human Resources",74636,40,Remote
Quinn,Varfalameev,Accounting,141188,21,Remote
Dene,Shuxsmith,Sales,90991,54,Remote
Tony,Mewett,Legal,174090,22,Remote
Krisha,Stitch,Engineering,68366,27,Remote
Gertrude,Alu,Engineering,85789,48,Remote
Jefferey,Slator,Legal,81357,35,Remote
Estel,Ogbourne,Sales,152913,48,Remote
Lorenzo,Scarlon,Accounting,105411,35,Remote
Lena,Clayson,Accounting,77628,31,Remote
Marget,Putland,Engineering,183927,34,Remote
Aggy,Burdell,Engineering,170326,24,Remote
Welch,Cowcha,"Human Resources",67991,23,Remote
Rozanne,Pennycord,"Human Resources",160902,35,Remote
Roderigo,Boam,"Business Development",147222,22,Remote
Harriett,Bescoby,"Business Development",83933,41,Remote
Lalo,Somerled,"Human Resources",111869,33,Remote
Starlene,Struthers,Training,171944,31,Remote
Letizia,Yarranton,Sales,127725,57,Remote
Marcille,Corley,Engineering,169952,36,Remote
Maye,Maffei,Engineering,96014,55,Remote
Rubin,Iskowicz,Support,133111,31,Remote
Aili,Horlock,Engineering,130271,54,Remote
Martino,Backman,Training,151938,38,Remote
Lilyan,Mazzeo,Training,89260,58,Remote
Muhammad,"O' Dooley","Business Development",151127,45,Remote
Sigismondo,Willisch,Engineering,150685,44,Remote
Hyacinthia,Swatton,"Human Resources",77798,42,Remote
Otto,Behning,Support,181220,27,Remote
Mikaela,Jonson,Accounting,120889,28,Remote
Claudell,Vondracek,"Product Management",74531,38,Remote
Mellisa,Hatter,Engineering,66221,44,Remote
Cassandra,Blackader,Services,136684,33,Remote
Carey,Lidgett,Accounting,95457,52,Remote
Cheryl,Noone,Engineering,100556,46,Remote
Bernadine,MacRory,Engineering,68901,49,Remote
Alethea,Draper,Services,124231,45,Remote
Base,Ditt,Training,156208,38,Remote
Karolina,Gamwell,"Product Management",141448,25,Remote
Colet,Colvie,Engineering,182109,33,Remote
Zoe,Whytock,Engineering,136152,54,Remote
Elga,Corrison,Engineering,111801,33,Remote
Gisela,Dicky,"Business Development",128018,26,Remote
Bebe,Mouatt,Support,182959,49,Remote
May,Stenhouse,"Research and Development",88033,34,Remote
Ansley,Streetfield,"Human Resources",74887,44,Remote
Edwina,Hadlington,"Business Development",159583,39,Remote
Charlot,Fiennes,Engineering,101256,36,Remote
Gussy,Patman,"Business Development",69413,44,Remote
Son,Meaders,Engineering,94560,38,Remote
Pascale,Hearst,"Business Development",159242,38,Remote
Augustin,Eshmade,Engineering,106059,21,Remote
Uta,Griniov,"Research and Development",147882,39,Remote
Teodoro,Bech,Services,140949,48,Remote
Rakel,Rogeron,"Human Resources",96127,27,Remote
Vidovik,Gayther,Services,107195,23,Remote
Charmine,Baldelli,Services,167730,24,Remote
Georgetta,Chadwick,"Product Management",183685,53,Remote
Ardene,Beedham,Accounting,104578,54,Remote
Enrique,Batter,Sales,74496,38,Remote
Wren,McKerrow,"Business Development",72889,47,Remote
Granville,Midlane,"Business Development",167408,49,Remote
Brigitta,Angeau,Marketing,81717,56,Remote
Kare,Chancelier,Engineering,157333,40,Remote
Berna,Hallwood,"Research and Development",93265,29,Remote
Loella,Gebbe,Accounting,83697,21,Remote
Daisi,Woodier,Engineering,154214,34,Remote
Briggs,Asals,Services,170463,24,Remote
Jesse,Yurkov,"Human Resources",108609,31,Remote
Brendis,Crimp,Training,151733,26,Remote
Shirley,Hadwick,Sales,139149,25,Remote
Gerard,Pugsley,Training,72302,50,Remote
Harwell,Kavanagh,Engineering,67823,39,Remote
Huntley,Kilsby,Marketing,177663,53,Remote
Karlis,Jarret,Training,117638,26,Remote
Thoma,Pieper,"Business Development",178389,57,Remote
Moe,Calam,"Human Resources",66761,33,Remote
Giffie,Barnardo,"Research and Development",151202,26,Remote
Amelina,Compson,Training,109734,47,Remote
Katrine,Bothram,Services,163858,36,Remote
Selinda,Dibbert,Training,72341,52,Remote
Ichabod,Cantwell,Sales,167282,39,Remote
Brianna,Sawford,"Research and Development",83075,42,Remote
Rossie,Tortoise,Engineering,162834,48,Remote
Adelind,Edes,Accounting,108807,54,Remote
Elfrieda,Eschelle,Services,139540,34,Remote
Robinson,Camamill,Sales,145825,48,Remote
Bride,Swains,Engineering,138650,22,Remote
Chrissie,Haskur,Engineering,97832,28,Remote
Morton,McVicar,Engineering,94776,45,Remote
Michel,Gierardi,Sales,67364,38,Remote
Angus,Pozer,Engineering,156217,44,Remote
Anet,Bayston,Engineering,163033,49,Remote
Mikael,Gerault,"Product Management",174142,42,Remote
Odelia,Mundwell,Sales,86240,23,Remote
Claudetta,O'Sirin,Engineering,132344,30,Remote
Sibylla,Vondrak,Engineering,162286,47,Remote
Dolly,Aldrich,Services,139401,48,Remote
Hewie,Jeger,"Human Resources",74870,26,Remote
Claudette,Batterson,Sales,105080,41,Remote
Steven,McGarvie,Sales,144639,55,Remote
Vivyanne,Ickowics,Sales,105565,38,Remote
Iseabal,Birtle,Engineering,166296,31,Remote
Kalil,Grishakin,Engineering,87154,25,Remote
Mirilla,Shapero,Marketing,106321,48,Remote
Hortense,Orridge,Accounting,169578,37,Remote
Latrena,Halleybone,"Human Resources",92124,50,Remote
Lolita,Franzke,Support,157137,47,Remote
Janessa,Minors,Training,150566,38,Remote
Calvin,Gotts,Engineering,155757,24,Remote
Brian,Boggis,Marketing,101643,28,Remote
Karleen,Gieves,Services,79142,54,Remote
Herta,Toghill,Sales,91578,30,Remote
Buck,Hick,Engineering,81366,43,Remote
Ilario,Itzik,Engineering,166569,40,Remote
Putnem,Tenwick,Accounting,73507,25,Remote
Melinde,Hobble,Support,145339,21,Remote
Gherardo,Serraillier,Support,169691,35,Remote
Adriano,Bleackley,Engineering,106288,50,Remote
Rudie,Heliar,Accounting,155187,30,Remote
Timothee,Klement,Services,76134,36,Remote
Weider,Lacotte,Accounting,82030,43,Remote
Anallese,Neising,Engineering,100327,23,Remote
Arliene,Zamorrano,"Business Development",101082,21,Remote
Lucita,Shimmin,Engineering,120505,50,Remote
Gleda,Gyenes,Training,184105,41,Remote
Myrah,Setchell,Services,76955,45,Remote
Lucias,McConnal,Support,164730,23,Remote
Dev,Tottle,Training,93039,31,Remote
Chlo,Megroff,"Business Development",83055,21,Remote
Padriac,Bradnocke,Accounting,118074,53,Remote
Edgard,Benardeau,Services,79845,40,Remote
Keenan,Chuney,"Human Resources",108646,21,Remote
Kalvin,Accomb,"Research and Development",106394,54,Remote
Adamo,"De Few",Training,85324,51,Remote
Elle,Halliberton,Sales,184835,32,Remote
Moyra,Pachta,"Research and Development",153438,29,Remote
Emanuel,Hustings,Accounting,124087,43,Remote
Reynard,Wallace,Accounting,137133,42,Remote
Fedora,Dooher,Engineering,78284,39,Remote
Kimbell,Clilverd,"Product Management",97394,47,Remote
Gerhardt,Hatfull,Accounting,166360,29,Remote
Ethel,Rex,Engineering,160490,29,Remote
Oliviero,Hockey,Accounting,142702,53,Remote
Arv,Orringe,Accounting,96939,54,Remote
Valentine,Hale,Services,178912,37,Remote
Hans,Thams,Support,88014,51,Remote
Zsazsa,Jaggs,Accounting,109561,53,Remote
Sallie,Lowdes,Engineering,80663,32,Remote
Jacquelin,Butchers,"Product Management",159761,42,Remote
Maudie,Pettingall,Accounting,153863,21,Remote
Ynes,Grindrod,Services,105625,30,Remote
Mufi,Greber,Support,156353,29,Remote
Corrinne,Mix,Engineering,166980,55,Remote
Audi,Dubbin,Engineering,76367,43,Remote
Jori,Cocking,Accounting,164097,33,Remote
Alejandrina,Alen,Services,99666,49,Remote
Marla,Franceschi,Engineering,180200,46,Remote
Odey,Lukesch,"Product Management",106072,50,Remote
Bret,Boal,"Research and Development",137425,23,Remote
Reggi,Kettridge,Accounting,130421,24,Remote
Thedric,Schimke,Engineering,155398,28,Remote
Burlie,Murby,Engineering,141421,28,Remote
Tish,Pizer,Accounting,82042,44,Remote
Amil,Facchini,"Business Development",126421,54,Remote
Alena,Hierro,"Research and Development",85364,50,Remote
Coretta,Heiden,"Business Development",176876,50,Remote
Den,Lassen,Support,71543,46,Remote
Reinold,Rewcastle,Sales,99265,49,Remote
Delmar,Torvey,"Business Development",115692,35,Remote
Faun,Lammin,Accounting,134131,22,Remote
Lucine,Butter,Engineering,98710,31,Remote
Kendell,Wolfart,Services,147743,29,Remote
Eduino,Brecknall,Engineering,119286,24,Remote
Morten,Lackington,Engineering,104019,33,Remote
Meara,McDell,Engineering,78423,51,Remote
Rocky,Dovington,Accounting,173425,21,Remote
Nicol,Pigram,Services,97773,39,Remote
Shurlocke,Merriott,Support,139554,25,Remote
Lulu,Dabnot,Accounting,136967,33,Remote
Basilio,Hodjetts,Engineering,89239,56,Remote
Lyon,L'Episcopio,Accounting,89665,21,Remote
Mason,Holywell,Training,133903,28,Remote
Hans,Rentoll,Accounting,137692,39,Remote
Hollis,Dispencer,Engineering,114328,21,Remote
Skylar,Truett,Sales,175796,49,Remote
Randall,Scollick,Engineering,184705,52,Remote
Jena,Siggs,Training,174335,34,Remote
Shawn,Warwicker,Training,113652,29,Remote
Nickolaus,Lambourn,Engineering,136817,31,Remote
Kylen,Jamblin,"Product Management",96972,33,Remote
Carmelita,Sanford,Accounting,116604,38,Remote
Gael,Heineken,Engineering,91991,48,Remote
Rhiamon,Macvey,Engineering,123818,53,Remote
Elisha,Pountain,Support,169997,43,Remote
Perren,Hearsum,Support,119386,38,Remote
Helsa,Rapsey,Engineering,103070,55,Remote
Anne,Zienkiewicz,"Human Resources",153056,45,Remote
Griff,Sill,Engineering,75322,38,Remote
Malorie,Hurtic,Accounting,79112,48,Remote
Edna,Stocks,"Business Development",170083,28,Remote
Octavia,Bum,Support,152148,25,Remote
Nicol,Gudd,Accounting,80938,47,Remote
Kailey,Coon,Sales,76763,40,Remote
Sammie,Dormon,"Human Resources",129921,50,Remote
Emiline,Potes,Accounting,175435,43,Remote
Chlo,Francescotti,Engineering,76306,45,Remote
Jazmin,Ruttgers,Engineering,88081,37,Remote
Hugues,Brobyn,"Research and Development",174033,46,Remote
Alexis,Cunniffe,"Human Resources",127840,23,Remote
Mildred,Lutas,Engineering,183061,22,Remote
Annalee,Hillam,Accounting,116194,44,Remote
Lay,Housbie,Engineering,153846,46,Remote
Reese,Nattrass,Engineering,108088,34,Remote
Saundra,Eddow,Training,126454,39,Remote
Carlota,Videler,Engineering,120324,30,Remote
Corrianne,Crumley,"Human Resources",66243,27,Remote
Harriet,Gaze,"Product Management",174580,40,Remote
Lisha,Blaber,Training,109683,23,Remote
Yolane,Huebner,"Human Resources",138416,31,Remote
Isaac,Brettel,Engineering,65982,35,Remote
Fancie,Vieyra,Services,154881,55,Remote
Vasilis,"L' Estrange",Sales,106837,35,Remote
Garek,Sugar,Accounting,165538,50,Remote
Yorgo,Dinkin,Engineering,122725,40,Remote
Caralie,Beaman,Engineering,76377,27,Remote
Cherilynn,Dineges,"Product Management",81382,44,Remote
Zackariah,Bengtson,Engineering,104763,29,Remote
Derby,"Le Marchant",Engineering,87341,50,Remote
Letitia,Fearnill,Support,178958,33,Remote
Denver,Yuryshev,Sales,149831,34,Remote
Shem,Bartolomeo,Engineering,126248,49,Remote
Shepard,Howchin,Legal,73531,33,Remote
Marcos,Goding,"Human Resources",87943,30,Remote
Merwin,Braxton,Services,175154,54,Remote
Alec,Thornally,Engineering,178959,47,Remote
Austen,Troughton,"Business Development",154346,44,Remote
Amandie,Skehan,"Human Resources",126782,45,Remote
Bowie,Heams,Engineering,144947,21,Remote
Ev,Cranshaw,"Business Development",125730,49,Remote
Marcy,McGilben,Accounting,93564,46,Remote
Grady,McFfaden,"Human Resources",157487,48,Remote
Dorey,Toffts,Training,167694,41,Remote
Xylina,Petit,"Business Development",108611,56,Remote
Ilsa,Spradbery,Auditing,119880,41,Remote
Gilberte,Bolam,Services,124957,28,Remote
Charles,Malser,Services,87300,38,Remote
Bev,Yarnall,"Business Development",151349,32,Remote
Kaylee,Misken,Sales,126710,42,Remote
Berenice,Birkby,"Business Development",177509,32,Remote
Yvette,Golda,Training,117665,32,Remote
Scarlet,Warrillow,Training,160348,38,Remote
Delinda,Ovill,Support,169986,44,Remote
Puff,Barthropp,Accounting,176487,54,Remote
Laurens,Law,Accounting,99111,49,Remote
Tatiania,Vyse,Support,88652,45,Remote
Merrel,Tinmouth,Training,66308,26,Remote
George,Bakesef,Services,76135,54,Remote
Cobbie,Towl,Accounting,132707,26,Remote
Pauly,Alywin,"Human Resources",160540,40,Remote
Kenton,Delahunt,Services,163283,22,Remote
Charline,Jedrzejewicz,Accounting,83450,42,Remote
Prissie,Jubert,Training,171999,36,Remote
Wallis,Hartigan,Engineering,84727,29,Remote
Ruby,Pirrie,Services,114034,27,Remote
Alexei,Jeannenet,Services,138797,38,Remote
Dominga,Tivnan,Engineering,120800,40,Remote
Brew,Guare,"Research and Development",83593,41,Remote
Efrem,Bolley,Training,86318,43,Remote
Colet,Grushin,"Business Development",165560,50,Remote
Gal,Brettle,"Business Development",137763,31,Remote
Amory,Mearns,Engineering,128081,25,Remote
Adolph,Fehners,Training,81058,51,Remote
Abran,Hardy,"Business Development",171145,47,Remote
Layney,Kenion,Accounting,114827,41,Remote
Saw,Crucetti,Sales,69288,43,Remote
Jaimie,Mathews,Accounting,134955,31,Remote
Lyndsey,Crottagh,Accounting,104305,21,Remote
Herman,Redrup,Support,71513,35,Remote
Allys,Nekrews,Engineering,131151,56,Remote
Hilarius,Gerholz,"Human Resources",127732,34,Remote
Selestina,Bownd,"Human Resources",134507,25,Remote
Quinlan,Mantle,Services,90614,25,Remote
Antoine,Oakden,"Research and Development",163570,53,Remote
Della,Mealing,Accounting,152764,57,Remote
Liane,Seton,Accounting,149163,51,Remote
Clifford,Bolletti,"Business Development",77404,33,Remote
Delinda,Leedal,Services,100157,50,Remote
Cassie,Cashen,Services,181719,38,Remote
Gregory,Wilbraham,Accounting,121876,44,Remote
Emelina,Sumers,"Human Resources",77538,35,Remote
Karil,Lesslie,Accounting,87542,44,Remote
Mile,Tomkys,Accounting,132620,39,Remote
Lisa,Mackrell,Services,114699,47,Remote
Grace,Acory,Services,168379,31,Remote
Correy,Giacomoni,Services,162239,33,Remote
Cherida,Nutty,"Business Development",80234,28,Remote
Willdon,Gribbell,Engineering,170829,33,Remote
Tessa,Timberlake,Accounting,106002,29,Remote
Gael,Broadwell,Engineering,171073,34,Remote
Elnar,Menhci,"Business Development",183806,31,Remote
Hedwiga,Moodycliffe,Sales,67453,24,Remote
Jeni,Budgen,Engineering,77499,40,Remote
Alyosha,Cough,Accounting,109970,31,Remote
Audy,Gurling,"Human Resources",117581,42,Remote
Taryn,Bakesef,Services,143513,26,Remote
Demeter,Osbourne,Sales,165209,57,Remote
Colas,Pragnall,Accounting,111666,46,Remote
Aindrea,Harder,Training,101815,48,Remote
Ivory,Alaway,Services,93948,52,Remote
Manda,Sommerlie,Support,66215,41,Remote
Gianina,Dartnell,"Human Resources",165635,21,Remote
Winonah,Starking,"Research and Development",167422,56,Remote
Yoko,Schoffel,Engineering,174593,46,Remote
Otho,Swancott,Training,113054,25,Remote
Brittne,Parkhouse,Marketing,137203,24,Remote
Mickey,Grandisson,Accounting,101163,39,Remote
Cathryn,McMeanma,"Research and Development",176198,26,Remote
Carlee,Challenor,"Human Resources",68188,47,Remote
Dora,Staziker,Engineering,172473,52,Remote
Margaretha,Mabson,Engineering,163728,56,Remote
Taite,McGilleghole,Engineering,106001,31,Remote
Evan,Borborough,"Product Management",132088,31,Remote
Winifred,Eckly,"Product Management",118091,52,Remote
Helga,Moral,"Research and Development",177109,56,Remote
Maddy,Yablsley,Sales,155600,48,Remote
Alvina,Claeskens,Engineering,168678,33,Remote
Elwira,Jahner,Engineering,104496,32,Remote
Georgie,Hanney,"Human Resources",72901,41,Remote
Natale,Grolmann,"Human Resources",105357,49,Remote
Minette,Nasey,Engineering,131363,49,Remote
Rem,Lintall,Marketing,111099,24,Remote
Horatio,Mithon,Engineering,170616,27,Remote
Ferrel,Ballintyne,Support,130133,29,Remote
Luciana,Jindrak,Training,127214,50,Remote
Tish,Etheridge,Accounting,163852,35,Remote
Ursuline,"St. Hill",Services,124082,33,Remote
Eamon,Crummie,"Product Management",140523,35,Remote
Connor,Gudyer,Sales,161053,22,Remote
Noami,Whittington,Sales,141403,30,Remote
Fabio,Maidstone,Engineering,67884,57,Remote
Germaine,Flamank,"Business Development",88672,23,Remote
Gunner,Robe,Sales,111566,45,Remote
Den,Chaldecott,Services,117663,25,Remote
Frank,Toupe,"Business Development",161935,50,Remote
Burgess,Worsfield,"Business Development",179811,36,Remote
Codi,Benedicto,Services,139254,33,Remote
Becki,Turgoose,"Research and Development",184779,22,Remote
Randolph,Twelve,Support,93731,38,Remote
Stacie,Gentric,Services,94286,46,Remote
Tiffany,Gill,"Research and Development",69430,44,Remote
Emlen,Crosetti,"Human Resources",77216,57,Remote
Gretta,Craigs,"Research and Development",114515,56,Remote
Dante,Drews,Engineering,133968,57,Remote
Moss,Harwin,Accounting,88560,35,Remote
Cchaddie,Trouel,Sales,114083,37,Remote
Adolphe,Eteen,"Business Development",130264,55,Remote
Addie,MacTurlough,Engineering,164844,23,Remote
Emelda,Tippett,Engineering,119892,57,Remote
Aarika,Morrieson,Support,117791,30,Remote
Georgetta,Halston,Accounting,147373,32,Remote
Sheilah,Bendall,Engineering,169306,50,Remote
Cynthie,Schole,Services,178849,57,Remote
Bunni,Dowthwaite,"Product Management",158579,32,Remote
Demetris,Brandassi,Sales,113679,25,Remote
Aggy,Paramore,Engineering,128241,26,Remote
Esra,Gier,"Business Development",135779,28,Remote
Giulietta,Huggard,Engineering,175306,24,Remote
Stefania,Soda,Legal,166926,53,Remote
Eolanda,Richter,Engineering,160443,53,Remote
Loren,MacCome,"Human Resources",73625,24,Remote
Janka,Aizlewood,Engineering,92446,44,Remote
Dosi,Rymer,"Business Development",166697,30,Remote
Norby,Howling,"Human Resources",79660,51,Remote
Deane,Burdge,Accounting,108674,34,Remote
Nana,Cosins,"Product Management",102624,42,Remote
Maridel,Franck,"Business Development",99263,42,Remote
Tucker,Queyos,Services,91516,43,Remote
Fidelia,Rapi,Training,134220,54,Remote
Kimberlee,McAughtrie,Engineering,73515,50,Remote
Rosemarie,Blakey,Engineering,125363,54,Remote
Ellissa,Jerram,Engineering,75309,37,Remote
Lurleen,Kerne,Sales,179618,49,Remote
Opaline,Treagust,Engineering,114058,39,Remote
Kerstin,Daudray,Engineering,158683,39,Remote
Nada,McGlue,"Human Resources",85814,26,Remote
Aliza,Clampe,Engineering,138522,48,Remote
Ardelle,Fiddeman,Services,165563,55,Remote
Dasie,Castanos,Engineering,140309,28,Remote
Basilius,McPhillips,Services,113276,52,Remote
Kleon,Hairesnape,"Human Resources",104262,37,Remote
Burg,Kenningham,"Product Management",144944,52,Remote
Cathrin,Sallenger,Services,152145,52,Remote
Joby,Balden,Services,86144,44,Remote
Sibelle,Aleshintsev,Engineering,119156,30,Remote
Imojean,Gorner,Engineering,177505,23,Remote
Ashil,Spellecy,Services,135716,28,Remote
Kyle,Tatterton,Accounting,123396,37,Remote
Quintina,Beeby,"Business Development",142346,31,Remote
Fanny,Pachta,Engineering,80209,33,Remote
Em,Bosch,Sales,177118,41,Remote
Gabi,Braksper,Engineering,150080,50,Remote
Vickie,Dursley,Legal,144989,48,Remote
Clerissa,Freeth,Training,126970,24,Remote
Casandra,Ince,Sales,172993,56,Remote
Fiann,Sleigh,Engineering,184374,55,Remote
Reagen,Totterdill,Sales,101117,51,Remote
Eddi,Mulholland,Services,77181,51,Remote
Sandy,Yglesias,"Business Development",94078,33,Remote
Andonis,Scotchbourouge,Training,99892,55,Remote
Otto,Stilwell,"Product Management",161783,24,Remote
Fonsie,Fenkel,Engineering,118630,27,Remote
Maddi,Corness,"Human Resources",73400,55,Remote
Hall,Farnall,Training,104462,40,Remote
Goober,Hedgecock,Marketing,178327,43,Remote
Lorne,Lively,Accounting,125341,26,Remote
Fax,Guirard,"Human Resources",104882,30,Remote
Joann,Ramsier,Accounting,140041,44,Remote
Phylis,Fardy,Engineering,104598,33,Remote
Brennen,Liley,"Human Resources",168878,36,Remote
Karolina,Hofler,Engineering,89068,25,Remote
Levy,Stichel,Engineering,165045,54,Remote
Tonia,Ovens,Training,134996,51,Remote
Brenden,MacQuarrie,Engineering,99465,25,Remote
Dasha,Thon,Engineering,169070,44,Remote
Bobine,Nisbet,"Research and Development",159351,57,Remote
Storm,Fryers,Marketing,154963,28,Remote
Durante,Cuttings,Engineering,115936,57,Remote
Pammi,Seals,Engineering,136158,31,Remote
Charmion,McCraw,Accounting,144672,44,Remote
Guilbert,Kynton,Engineering,177810,45,Remote
Fidelia,Beaman,"Business Development",177213,37,Remote
Bartlett,Lintin,"Research and Development",89927,37,Remote
Wilhelmine,Minero,Engineering,86877,40,Remote
Lolly,Vincent,"Business Development",175127,54,Remote
Mile,Patis,"Human Resources",96633,25,Remote
Melisenda,Ivankin,Training,77759,22,Remote
Carney,Flowers,Accounting,137658,24,Remote
Garrard,Huxton,Sales,99187,47,Remote
Kareem,Petz,"Human Resources",165784,35,Remote
Stephanie,"le Keux",Accounting,167874,49,Remote
Stafford,Morehall,"Human Resources",137570,50,Remote
Winnah,Enos,"Human Resources",177737,27,Remote
Addie,Fussey,Engineering,65211,28,Remote
Perry,Caslin,Accounting,155178,29,Remote
Yule,Pirt,"Research and Development",134792,56,Remote
Lainey,Couzens,Accounting,128184,36,Remote
Roosevelt,Everil,"Business Development",140140,54,Remote
Bendite,Veare,Engineering,155976,50,Remote
Pammie,Stable,Marketing,163431,53,Remote
Elinor,Burgan,Engineering,138936,44,Remote
Cassandry,Meadus,Accounting,155219,39,Remote
Brunhilde,Reglar,Sales,88958,31,Remote
Derril,Strafen,Sales,159321,55,Remote
Quentin,Arlett,"Business Development",170213,57,Remote
Lindsay,Scullion,Engineering,169323,36,Remote
Caryl,Spollen,Training,175241,45,Remote
Loy,Burtwell,Support,171866,28,Remote
Adham,Mcwhinnie,"Research and Development",120830,24,Remote
Benjamen,Swanwick,"Business Development",110539,21,Remote
Allyn,Vasenin,Engineering,122527,42,Remote
Elisabetta,Pexton,Engineering,151603,44,Remote
Gorden,Syder,Support,85690,37,Remote
Lena,Wimms,"Human Resources",97312,32,Remote
Dean,Hunting,Services,159935,22,Remote
Ezekiel,Rawsthorne,Accounting,151219,31,Remote
Melisa,Mugford,Engineering,102504,36,Remote
Sutherlan,Carlaw,Engineering,85236,54,Remote
Hort,Abramovicz,Training,147949,51,Remote
Eadie,Twyford,Engineering,83400,49,Remote
Ailbert,Rowsel,"Human Resources",71594,32,Remote
Keeley,Castiglio,Sales,104350,34,Remote
Oliviero,Gligorijevic,Sales,70165,24,Remote
Constancy,Ellice,Engineering,100423,48,Remote
Jakie,Brigstock,"Human Resources",113026,25,Remote
Bret,Esler,Engineering,151717,39,Remote
Jasmine,"Del Checolo","Product Management",109515,36,Remote
Shanie,Czajka,Legal,101472,28,Remote
Roldan,Gladhill,Sales,82986,45,Remote
Brander,Leroux,Engineering,113018,33,Remote
Berti,Riolfi,Marketing,103928,35,Remote
Nariko,Wooland,Engineering,175415,30,Remote
Rhody,Rothert,"Human Resources",99046,43,Remote
Ailene,Camps,Sales,182306,47,Remote
Terrance,Statersfield,Engineering,111872,26,Remote
Crin,Carik,Engineering,117840,28,Remote
Laurette,Thorpe,Accounting,87819,35,Remote
Chastity,Kelleway,Services,78102,42,Remote
Michal,Feltham,Training,83598,51,Remote
Holli,Seaborn,Sales,131452,55,Remote
Aleda,Benito,Accounting,109229,46,Remote
Meredithe,Skully,"Human Resources",147356,31,Remote
Adlai,Eberle,"Research and Development",149403,47,Remote
Ethelin,Goodlett,"Human Resources",86403,21,Remote
Pattie,Ordidge,Accounting,182473,52,Remote
Vale,Kochlin,Engineering,83505,56,Remote
Tim,D'Aeth,Marketing,118875,34,Remote
Juanita,Avo,Engineering,181816,27,Remote
Claudell,Bellchamber,Accounting,76182,32,Remote
Conny,Mulbry,Engineering,178672,42,Remote
Rafael,Fullun,Services,146643,22,Remote
Hobie,Jacobowits,Sales,144313,21,Remote
Brooke,Sloley,"Human Resources",101396,41,Remote
Bordy,Sinson,Marketing,148970,48,Remote
Pavia,Eye,Training,97421,39,Remote
Raimondo,Ramiro,Services,140870,23,Remote
Nickola,Scardafield,Support,118449,36,Remote
Prentice,Wannan,Engineering,65891,36,Remote
Marci,Huxley,Engineering,92315,57,Remote
Forbes,Smalridge,Training,141271,42,Remote
Linnie,Radley,Accounting,80294,49,Remote
Kylie,Parrot,Sales,77413,46,Remote
Colly,Clint,Accounting,107188,57,Remote
Arnold,Blackader,Engineering,104685,30,Remote
Etienne,McLae,Training,179894,47,Remote
Dagmar,Tranmer,Engineering,155801,51,Remote
Paulo,Mosedall,"Research and Development",171504,28,Remote
Nathalie,Cockburn,"Business Development",83431,36,Remote
Lesly,Nowakowski,Accounting,79694,55,Remote
Morgun,Hentzeler,Engineering,81875,55,Remote
Cinda,Brinicombe,Services,133980,37,Remote
Nanete,Poleye,"Business Development",102695,40,Remote
Candy,Cornbell,Engineering,182720,51,Remote
Pryce,Arrowsmith,Support,150886,46,Remote
Kaiser,Syddall,Marketing,157332,56,Remote
Mervin,Oultram,"Human Resources",141784,51,Remote
Oran,Erdely,Sales,180077,45,Remote
Ferdy,Prickett,Engineering,124952,40,Remote
Caitlin,O'Ferris,"Human Resources",90722,29,Remote
Westleigh,Lawler,Support,182419,42,Remote
Marilin,Zimmermeister,Engineering,176257,36,Remote
Leonerd,Sulman,Support,77752,30,Remote
Eleanor,Olorenshaw,"Human Resources",127483,37,Remote
Abey,Meffen,Engineering,109380,45,Remote
Raimondo,Tolomio,Engineering,88741,47,Remote
Gael,Wintle,Accounting,89976,31,Remote
Portie,Wressell,Accounting,122372,30,Remote
Traci,Civitillo,Training,172542,36,Remote
Arel,Davidek,Services,178720,53,Remote
Jelene,Fisby,Accounting,103216,24,Remote
Paxon,Alastair,"Business Development",136497,24,Remote
Harp,Tucknutt,Engineering,111329,33,Remote
Sophey,Gonthard,"Business Development",149402,23,Remote
Norean,Johnikin,Engineering,141727,48,Remote
Wait,Cescoti,"Human Resources",171986,38,Remote
Kristine,Meads,Accounting,178057,48,Remote
Warner,Colleer,Engineering,140456,34,Remote
Dunn,Vecard,"Business Development",149272,47,Remote
Libby,Colkett,Accounting,86100,38,Remote
Danni,Pizzey,Engineering,112209,48,Remote
Danna,Cail,Legal,132893,47,Remote
Pearce,Tal,Services,71931,24,Remote
Sax,"Mc Kellen",Engineering,69727,28,Remote
Laurie,Castlake,Engineering,71448,44,Remote
Theodore,Tutchings,Engineering,90308,49,Remote
Melita,Whitty,Training,65562,53,Remote
Derick,Oake,"Human Resources",67075,28,Remote
Cassy,Walesa,"Research and Development",124359,26,Remote
Alyce,Fawdry,Sales,179218,38,Remote
Kala,Jira,Engineering,158009,32,Remote
Jonas,Andrez,Services,100238,31,Remote
Butch,Shaylor,"Research and Development",158033,30,Remote
Concettina,Zamorano,Training,132714,47,Remote
Marnie,Tousy,Engineering,137822,56,Remote
Clifford,Brok,Sales,96983,21,Remote
Marjory,Yegorovnin,Legal,160497,34,Remote
Rocky,Whapple,Engineering,147367,45,Remote
Binni,Vaughan-Hughes,Services,113086,52,Remote
Dorothea,Alliot,Sales,158452,54,Remote
Georgy,Pettiford,"Human Resources",111844,32,Remote
Kelcie,Bluck,"Business Development",89486,45,Remote
Tadeas,Dumbrall,Legal,167130,56,Remote
Janot,Glauber,Accounting,147295,41,Remote
Ashia,Websdale,"Product Management",167322,57,Remote
Steffi,Cleatherow,Sales,167209,53,Remote
Emilio,Mecchi,Engineering,104462,57,Remote
Sauncho,Patrick,Engineering,144747,44,Remote
Kissiah,Clemens,Accounting,71242,50,Remote
Addy,Galliard,Sales,157247,26,Remote
Elsa,Ferrieri,Services,184841,51,Remote
Millicent,Reye,Training,93318,31,Remote
Janith,Gabler,Engineering,182693,25,Remote
Griffin,Radclyffe,"Human Resources",119868,54,Remote
Deloris,Borghese,Accounting,184188,50,Remote
Brunhilde,Goldsbury,Engineering,100012,44,Remote
Dolley,Annatt,Engineering,72328,34,Remote
Nikolos,Bergstram,Accounting,96436,27,Remote
Whitby,Eadmeads,Accounting,124476,40,Remote
Fairfax,Chattoe,"Human Resources",72414,38,Remote
Odele,Walford,Accounting,82256,25,Remote
Inglebert,O'Flaherty,Auditing,92374,26,Remote
Wilow,McKeney,Engineering,178401,35,Remote
Dorelle,Aleksandrov,"Research and Development",73160,26,Remote
Tedda,Gambie,Accounting,87838,23,Remote
Farlee,Simonutti,Engineering,90511,25,Remote
Bobbe,Gartside,Marketing,143296,45,Remote
Rayna,Foster-Smith,Engineering,165279,48,Remote
Clarice,Ahren,"Human Resources",65102,45,Remote
Kristo,Darth,Engineering,106941,54,Remote
Maurene,Unsworth,Accounting,183704,28,Remote
Stephen,Taw,Training,135073,37,Remote
Lenore,Ducarne,"Human Resources",79964,56,Remote
Arlette,Manville,Sales,75938,34,Remote
Lynde,O'Malley,"Human Resources",88209,28,Remote
Chas,Headey,Engineering,102676,40,Remote
Iggie,Battey,"Human Resources",117570,28,Remote
Flem,Shilladay,Engineering,76256,57,Remote
Percival,O'Hartigan,"Product Management",141593,24,Remote
Emmy,Haet,Sales,158282,39,Remote
Lek,Pinchen,"Research and Development",119352,38,Remote
Jamison,Dandison,Services,71529,23,Remote
Davina,Pantone,Accounting,113580,56,Remote
Hersh,Bradnum,"Product Management",111964,25,Remote
Taber,Kleynen,"Business Development",139182,38,Remote
Philipa,Cargill,Engineering,97234,29,Remote
Matelda,Capell,"Business Development",97193,40,Remote
Jeremy,Dodds,Support,126649,42,Remote
Rois,Wakely,"Product Management",152387,25,Remote
Terrel,McClelland,Accounting,123098,26,Remote
Aloysia,MacPadene,Training,178998,51,Remote
Kylie,Ramey,"Business Development",105286,56,Remote
Ulrika,Bartaletti,Engineering,140051,40,Remote
Joella,Maddrah,"Business Development",125938,48,Remote
Milt,Torrisi,Engineering,75374,29,Remote
Jeramie,Gilffillan,"Human Resources",184931,39,Remote
Wilhelmina,Pogue,Engineering,129088,30,Remote
Wakefield,Sehorsch,Engineering,71939,31,Remote
Myer,Simm,Support,113344,40,Remote
Leyla,Ollenbuttel,"Research and Development",124177,35,Remote
Thornie,Mocker,Services,101682,29,Remote
Niven,Gullivent,Engineering,92084,52,Remote
Madlin,Doudny,Accounting,164166,41,Remote
Garvin,Savine,Services,71250,50,Remote
Kareem,Thay,Services,112338,54,Remote
Henriette,Fraser,Engineering,159917,55,Remote
Wendell,Logesdale,"Human Resources",78076,29,Remote
Chrisy,Fyndon,Engineering,179272,28,Remote
Rickard,Lindell,Sales,168851,39,Remote
Enos,Petronis,Engineering,70338,31,Remote
Janos,Proudley,Engineering,133558,29,Remote
Agneta,Hardan,Accounting,88607,23,Remote
Field,Wensley,Accounting,145471,47,Remote
Allsun,Pavett,Accounting,118535,22,Remote
Velvet,Appleyard,"Business Development",179875,41,Remote
Willetta,Andrag,Engineering,154846,55,Remote
Ginni,Stickles,Services,162490,31,Remote
Putnem,Rowet,Engineering,84261,34,Remote
Ferris,Lorkin,Sales,85790,55,Remote
Stanford,Haresign,"Business Development",122925,26,Remote
Lucius,Pickthorn,Engineering,73754,27,Remote
Jacinda,Barrack,Marketing,98605,51,Remote
Rayner,Cullabine,Engineering,124893,46,Remote
Demott,Sharply,Training,69159,43,Remote
Urbain,Hardern,Sales,66287,53,Remote
Dillie,Collumbell,Engineering,140338,30,Remote
Lorelei,Mackney,Engineering,84657,21,Remote
Terencio,Deverille,Sales,131399,23,Remote
Brigida,Bredbury,Marketing,169768,43,Remote
Faustina,Dunning,Accounting,159723,27,Remote
Kenon,Challin,Engineering,88160,26,Remote
Felicity,Tomczykowski,Engineering,140889,36,Remote
Alexina,Spiniello,Training,90199,26,Remote
Daisey,"O' Hanvey","Research and Development",114685,27,Remote
Eugenie,Maplethorp,Services,115830,24,Remote
Harcourt,Sleford,"Business Development",98800,33,Remote
Tomaso,Curd,Engineering,152625,42,Remote
Mehetabel,Gaunson,Services,117234,46,Remote
Trey,Barnish,Support,82215,39,Remote
Korry,Tripp,Engineering,110800,50,Remote
Gabby,Lenormand,Engineering,147667,46,Remote
Lindie,Kingswold,Accounting,155813,23,Remote
Janaye,Pass,Engineering,159747,36,Remote
Neale,Hampstead,Engineering,166569,49,Remote
Bentley,Taverner,Marketing,126761,41,Remote
Nanette,Sirr,"Human Resources",72483,55,Remote
Ned,Clare,Engineering,76805,21,Remote
Codie,Brawson,Engineering,87020,54,Remote
Mackenzie,Prestland,Training,93535,43,Remote
Jeannette,Soigne,Engineering,66906,33,Remote
Josie,Dailly,Support,115765,22,Remote
Nixie,Chismon,Training,125656,25,Remote
Wilek,"Del Monte",Training,102070,35,Remote
Staford,Rappport,Accounting,161851,49,Remote
Korrie,Jarrette,Accounting,99826,51,Remote
Moria,Clempton,"Business Development",150899,41,Remote
Chauncey,Epilet,Accounting,134517,51,Remote
Rickie,Philo,Services,176782,27,Remote
Carlin,Klimt,"Business Development",168321,32,Remote
Kiel,Antoons,Accounting,85797,31,Remote
Claudianus,Wigmore,Services,158405,23,Remote
Miranda,Fortey,Accounting,71599,54,Remote
Mildrid,Filtness,Accounting,106934,45,Remote
Antonella,Fairn,"Business Development",125879,56,Remote
Patrizia,Schwier,Services,156251,49,Remote
Otis,Assandri,Accounting,103986,39,Remote
Christie,Bittleson,Engineering,80026,45,Remote
Tanner,Itzakovitz,Accounting,82441,24,Remote
Lucais,Cescot,Engineering,182673,36,Remote
Shepard,Dominichelli,"Business Development",136414,21,Remote
Simone,Woollett,Engineering,107825,26,Remote
Bobine,Upwood,Support,133883,52,Remote
Latia,Petrussi,Accounting,81930,23,Remote
Nissa,Lortz,Support,102383,29,Remote
Sebastiano,Wittrington,Services,112621,32,Remote
Eddy,Walklott,Engineering,173831,42,Remote
Pierrette,"de Vaen",Engineering,153566,41,Remote
Abagael,Aindrais,Accounting,173307,35,Remote
Sybila,Parnaby,"Business Development",86154,28,Remote
Dorthea,Tidmas,Engineering,95006,44,Remote
Halsey,Baughen,Support,109087,41,Remote
Addy,Ponceford,"Business Development",157278,28,Remote
Gus,Vassel,"Business Development",152294,38,Remote
Avrit,Thomson,Support,124001,48,Remote
Cara,Beharrell,"Research and Development",140565,35,Remote
Blanca,Cherrie,Engineering,169072,44,Remote
Jamal,Scullin,"Human Resources",174795,48,Remote
Alta,Albury,Engineering,140332,53,Remote
Layton,Dottridge,Training,120165,38,Remote
Corri,Tranfield,"Business Development",84060,46,Remote
Penny,Yegorkov,Engineering,177164,27,Remote
Eryn,Belison,Support,110170,48,Remote
Samaria,Christiensen,Engineering,75385,32,Remote
Nickola,Marieton,Engineering,154784,46,Remote
Vern,Georgeou,Engineering,73505,28,Remote
Em,Vynehall,Engineering,105085,57,Remote
Carilyn,Andrei,Engineering,148846,31,Remote
Nina,Vanyukhin,Sales,91997,57,Remote
Ardys,Trebble,"Human Resources",91547,55,Remote
Salmon,Killich,Training,111423,55,Remote
Trixi,Ben,Legal,75322,49,Remote
Ivor,Jefford,Accounting,67120,27,Remote
Niall,Chiechio,Accounting,179732,34,Remote
Elenore,Cypler,Sales,169008,31,Remote
Ysabel,Chugg,Accounting,92658,51,Remote
Ebonee,Dunan,Sales,155058,41,Remote
Dani,Guildford,"Research and Development",88808,58,Remote
Liza,Miguet,Sales,150121,46,Remote
Maudie,Wardesworth,Services,109327,41,Remote
Verla,Pendrid,Accounting,74038,44,Remote
Letty,Lehrian,Engineering,169216,50,Remote
Caitlin,Elam,Services,76445,55,Remote
Magnum,Searson,Engineering,169543,47,Remote
Malinde,Danielsky,Sales,95859,47,Remote
Karlyn,Treanor,Training,175275,23,Remote
Reggi,Bellfield,Accounting,156011,45,Remote
Paolo,Izakof,Training,72246,43,Remote
Cassie,"Di Pietro",Engineering,166504,44,Remote
Lian,Ruckhard,Training,162891,34,Remote
Aigneis,McDuall,Engineering,109137,57,Remote
Ardyce,Henriquet,Engineering,158975,32,Remote
Ralina,Larman,Services,76036,33,Remote
Rawley,Cavie,Accounting,169952,35,Remote
Carny,Bumpus,Legal,174369,37,Remote
Shellysheldon,McKilroe,"Product Management",83979,39,Remote
Hermon,MacAne,Engineering,133664,47,Remote
Rubi,Pear,Training,132523,50,Remote
Agnes,Pickard,Auditing,159175,48,Remote
Mariette,Klasing,Engineering,157734,32,Remote
Linea,Manueli,Engineering,140017,22,Remote
Alasdair,Kerrigan,Engineering,171209,39,Remote
Collin,Hrinchenko,Engineering,128158,49,Remote
Adan,Snarr,"Human Resources",127419,23,Remote
Mikkel,Coleby,Engineering,82228,47,Remote
Bradan,Crace,"Research and Development",143140,43,Remote
Kevina,Moohan,"Product Management",109875,36,Remote
Hilda,McGeever,Sales,123399,54,Remote
Claiborne,Butrimovich,Legal,88892,39,Remote
Jennifer,Raffan,"Human Resources",68661,41,Remote
Melina,Lightwood,Accounting,133811,29,Remote
Katalin,Andreutti,Support,103865,27,Remote
Friedrick,Wharram,"Human Resources",70159,56,Remote
Wallie,Minchinton,Engineering,172613,55,Remote
Cullie,Golling,Engineering,124027,34,Remote
Veronique,Allans,Engineering,134686,26,Remote
Lynn,Furney,Training,145736,22,Remote
Iosep,Blenkinsop,"Human Resources",83952,49,Remote
Rudiger,Hounsom,Engineering,161164,53,Remote
Tuesday,Sheron,Accounting,85275,47,Remote
Yolande,Inmett,Support,174724,27,Remote
Abran,Jacobovitch,Services,81284,44,Remote
Tarrah,Meah,"Research and Development",158972,33,Remote
Fairlie,O'Rafferty,Engineering,112099,49,Remote
Laverna,Petyanin,"Human Resources",88847,45,Remote
Hendrick,Hunnybun,Accounting,77976,41,Remote
Page,Bukowski,"Research and Development",98339,25,Remote
Mahmud,Stetlye,Engineering,148738,23,Remote
Liane,Corsar,Sales,68940,38,Remote
Evelyn,Perello,"Product Management",170131,26,Remote
Jeramie,Jeffree,Engineering,173008,23,Remote
Lenore,Shewring,Sales,67680,42,Remote
Dara,Scimone,"Research and Development",177590,41,Remote
Heath,Schroeder,"Research and Development",86535,55,Remote
Elane,Desson,Training,125361,56,Remote
Flossie,MacCallion,Engineering,148109,45,Remote
Eliot,Kilmurray,Support,119828,24,Remote
Vidovic,Haskur,"Human Resources",102098,42,Remote
Letisha,Tomasi,Training,73818,39,Remote
Stacee,Shew,Legal,146725,46,Remote
Dotty,Dillestone,Engineering,141372,47,Remote
Maitilde,Rontree,Accounting,100236,35,Remote
Cornelius,Hedworth,Training,68804,51,Remote
Jess,Blackaby,"Research and Development",133123,43,Remote
Gina,Killik,Accounting,68890,21,Remote
Ernest,Sherburn,Sales,136005,37,Remote
Franklyn,Fridaye,"Research and Development",78145,46,Remote
Ayn,Sherbrook,Engineering,117215,44,Remote
Gayler,Rawnsley,"Human Resources",103251,50,Remote
Brigitte,Beaumont,Support,137231,25,Remote
Arlan,Illsley,Accounting,150118,53,Remote
Marice,Betz,"Human Resources",181302,57,Remote
Lindsey,Connar,Engineering,108431,38,Remote
Rosina,Assinder,Training,74213,41,Remote
Brendon,Crampsy,Engineering,92067,40,Remote
Fidelio,Westgate,Engineering,67688,27,Remote
Bamby,Birch,Engineering,103704,26,Remote
Lyndell,Emm,Engineering,101461,49,Remote
Brit,Fibbens,Accounting,90608,46,Remote
Bran,Roughsedge,Services,105781,23,Remote
Tremayne,Aloshechkin,Engineering,138028,36,Remote
Corbet,Roarty,"Research and Development",172198,29,Remote
Bale,Semaine,Engineering,125566,35,Remote
Marianne,Nardrup,Accounting,144531,32,Remote
Warren,Haskew,Accounting,150768,23,Remote
Rich,McGraw,"Research and Development",78042,41,Remote
Opalina,Gaitskill,"Product Management",177629,54,Remote
Britney,Stygall,Support,92481,54,Remote
Kennan,Garken,Services,159649,47,Remote
Nerita,Gotling,"Business Development",134806,29,Remote
Aldridge,Menere,"Product Management",183953,33,Remote
Preston,Tring,Engineering,113818,25,Remote
Lynda,Eggerton,"Research and Development",168088,47,Remote
Moe,Healey,Engineering,165674,37,Remote
Gray,Riccardini,Accounting,115200,27,Remote
Sylvan,MacKenny,Sales,86808,22,Remote
Margot,Sanchiz,Engineering,69272,42,Remote
Ardelia,Antrag,Services,146964,32,Remote
Tildy,Baddoe,"Business Development",166384,38,Remote
Murdoch,Pauley,Engineering,126543,45,Remote
Andrey,Willavoys,Engineering,101810,21,Remote
Melissa,Chaman,Accounting,150179,32,Remote
Erl,Probet,"Product Management",129826,48,Remote
Tobe,Hue,Accounting,168140,40,Remote
Doroteya,Ginsie,"Business Development",174201,27,Remote
Danie,Kinner,Services,100151,46,Remote
Emmalyn,Fountain,"Business Development",166517,32,Remote
Bette-ann,Ginnaly,Engineering,144851,45,Remote
Doll,Congreve,Engineering,159945,30,Remote
Felisha,Schneidau,Engineering,131533,44,Remote
Oliver,Whitebread,Marketing,136263,53,Remote
Care,Stryde,Engineering,106126,25,Remote
Terese,Staff,Support,162061,26,Remote
Marlane,Cisec,"Business Development",77032,23,Remote
Farra,Rawsthorne,Engineering,133718,45,Remote
Celinka,Spollen,Engineering,139126,42,Remote
Emiline,Dawnay,Training,149284,30,Remote
Hussein,Danaher,Engineering,65191,36,Remote
Renard,Aucourte,Accounting,111506,46,Remote
Kippar,Rugiero,Accounting,138902,26,Remote
Karole,Paydon,Engineering,170257,32,Remote
Theodora,Trussman,"Human Resources",145560,37,Remote
Tillie,Sussex,Sales,102277,50,Remote
Jeniece,Welland,Support,68315,36,Remote
Lock,Skelly,Accounting,171100,46,Remote
Tallie,Grist,"Human Resources",103177,27,Remote
Stavro,Winslet,Engineering,88289,43,Remote
Chrystel,Gottelier,Accounting,131143,51,Remote
Sigfried,Orrill,"Business Development",134538,36,Remote
Piggy,McDavid,Engineering,169537,47,Remote
Nikolos,Bretherick,Engineering,127112,40,Remote
Berty,Canadine,"Human Resources",88437,55,Remote
Frasquito,Dunrige,Auditing,132227,24,Remote
Jessa,Extal,Sales,147308,43,Remote
Stefan,Rustich,Engineering,81946,57,Remote
Winna,Layzell,Accounting,106788,23,Remote
Dougie,Checci,Accounting,132934,48,Remote
Abagael,Wadeling,Accounting,179857,45,Remote
Sollie,McDade,Engineering,120381,36,Remote
Augustine,Ashworth,Engineering,101381,25,Remote
Molly,Swindle,"Business Development",136186,29,Remote
Mariya,Foran,Engineering,161449,28,Remote
Kylila,Bonsall,"Human Resources",135390,39,Remote
Angelico,Courtliff,Engineering,137903,43,Remote
Anastassia,Axten,"Business Development",182642,23,Remote
Suzanne,Hedditeh,Legal,144812,47,Remote
Boonie,O'Gleasane,Sales,139611,44,Remote
Matias,Phil,Engineering,96355,27,Remote
Cristiano,Laterza,Engineering,148157,36,Remote
Mallorie,Stinson,Engineering,70546,25,Remote
Modesta,Saller,Accounting,97271,40,Remote
Carlota,Weavill,Services,150912,36,Remote
Natty,Bento,Engineering,177812,55,Remote
Trisha,Taysbil,Services,145667,51,Remote
Lay,Whooley,Engineering,144980,50,Remote
Thor,Climson,Engineering,115352,32,Remote
Amalia,Rilings,"Product Management",165725,26,Remote
Levi,Loody,"Human Resources",127968,43,Remote
Oliy,Ham,Accounting,146380,34,Remote
Walton,Fierman,"Human Resources",65303,36,Remote
Nevsa,Copello,Sales,83468,43,Remote
Curran,Sydes,Sales,147182,36,Remote
Batsheva,Ledbury,Engineering,86516,46,Remote
Shaun,Spriggin,Accounting,79637,48,Remote
Deedee,Pellingar,Engineering,113960,21,Remote
Dur,Benoi,Accounting,74716,32,Remote
Martie,Chisholm,Accounting,81063,53,Remote
Aurthur,Brosh,Support,95994,43,Remote
Desiree,Mussilli,Engineering,81284,28,Remote
Amie,Rival,Accounting,147329,32,Remote
Vaughan,Tuer,Engineering,147138,43,Remote
Roxine,Caulton,Engineering,113082,32,Remote
Lenore,Caizley,Engineering,113014,48,Remote
Ezekiel,Stollsteiner,Services,157421,29,Remote
Dita,Rudgard,Marketing,139182,43,Remote
Vladimir,Tidswell,"Business Development",90559,45,Remote
Lucie,Kille,"Business Development",174461,24,Remote
Jeanie,Eaglestone,Accounting,105465,22,Remote
Jerrold,Clayborn,Training,121567,26,Remote
Dwain,Hassett,Engineering,90993,21,Remote
Morgen,Sousa,Accounting,110541,24,Remote
Celinka,Tomicki,Services,173242,40,Remote
Alejandro,Locker,Engineering,77607,51,Remote
Irena,Monelle,Training,156849,46,Remote
Willie,Spearing,Engineering,110145,26,Remote
Francisco,Winnister,Accounting,68517,49,Remote
Monroe,Walsh,"Human Resources",125091,24,Remote
Eudora,Bruna,Training,71973,53,Remote
Christian,Castelyn,Training,114728,45,Remote
Ricky,Coventry,Accounting,158988,32,Remote
Sandor,Olliffe,Services,151269,35,Remote
Frankie,Allum,Engineering,125965,30,Remote
Vincenz,Goulborn,Training,144089,57,Remote
Westley,Breach,"Human Resources",176159,34,Remote
Chuck,Leverage,"Business Development",126581,34,Remote
Lance,McAtamney,Accounting,137007,41,Remote
Ricard,Botger,Engineering,138729,23,Remote
Carmine,Penquet,"Business Development",173675,26,Remote
Ursulina,Falla,"Human Resources",125981,22,Remote
Fidel,"Le feaver",Engineering,184919,30,Remote
Aubrie,Anders,Services,105363,24,Remote
Rutherford,D'Orsay,Support,98694,30,Remote
Friederike,Seaborn,Accounting,184782,38,Remote
Derrik,Kirtland,Engineering,138255,24,Remote
Wren,Aberhart,Accounting,183083,40,Remote
Mozelle,Bruhnke,"Human Resources",110062,32,Remote
Virgilio,Antoniazzi,Engineering,125891,50,Remote
Heddi,Capsey,Accounting,148706,55,Remote
Kit,Cowdroy,Services,75632,48,Remote
Conrad,Hartwright,Engineering,148816,27,Remote
Kakalina,Menauteau,Marketing,93662,23,Remote
Antoni,Crawshaw,Accounting,162072,34,Remote
Clari,Shervil,Engineering,119707,47,Remote
Analise,Gillbanks,Engineering,145530,54,Remote
Eli,Beadell,Accounting,126110,45,Remote
Abbie,Giacoboni,"Research and Development",98046,48,Remote
Marcie,Motton,Services,140674,44,Remote
Gamaliel,Allmann,Support,167122,52,Remote
Brewster,Illwell,"Business Development",103964,48,Remote
Wes,Vaz,Accounting,160691,47,Remote
Belia,Fewings,Sales,184320,55,Remote
Midge,Notley,Engineering,104404,57,Remote
Jeremias,"De Blase",Services,155153,48,Remote
Anissa,Philipp,Services,169003,34,Remote
Koenraad,Beany,Engineering,92908,28,Remote
Elayne,Lippiett,"Research and Development",139444,25,Remote
Melli,Humble,Engineering,76909,48,Remote
Duane,Civitillo,Support,177281,43,Remote
Nikola,Barens,Engineering,159311,33,Remote
Cori,McVeighty,Sales,179126,40,Remote
Cindelyn,Bathersby,Services,144972,50,Remote
